filename,problem
0-T-0_ps4-linux.csv,zero size
0000000009_SharpDevelop.csv,zero size
00577_Semantic-UI.csv,zero size
01BTC10_collectd.csv,zero size
0day-ci_xen.csv,zero size
0x4d52_wdl-ol.csv,zero size
0xMeansHexadecimal_monodevelop.csv,zero size
0xmtn_locust.csv,zero size
1024122298_metrics.csv,zero size
1024122298_opentsdb.csv,zero size
414n_slackbuilds.org.csv,zero size
Aarjavee_exist.csv,zero size
Adikso_nautilus-thumbnail-border.csv,zero size
AlexTambovtsev_AlexTambovtsev.csv,zero size
Ariansyahputra_evince.csv,zero size
Ariansyahputra_evolution.csv,zero size
Ariansyahputra_file-roller.csv,zero size
Ariansyahputra_gnome-screenshot.csv,zero size
Atlas48_ikiwiki.csv,zero size
Avenash_sci.csv,zero size
Azure_azure-sdk-for-node.csv,zero size
Baytars_gdm.csv,zero size
Bcfg2_bcfg2.csv,zero size
Catrobat_Paintroid.csv,zero size
ConSol_omd.csv,zero size
CyanogenMod_android_packages_apps_LockClock.csv,zero size
DarthFubuMVC_fubumvc.csv,zero size
Distrotech_gnome-vfs.csv,zero size
Distrotech_libgnome.csv,zero size
Duckbox-Developers_max-tdt.csv,zero size
E3SM-Project_scream.csv,zero size
FreeCAD_FreeCAD.csv,zero size
FreeRDP_FreeRDP.csv,zero size
GNOME_aisleriot.csv,zero size
GNOME_anjuta.csv,zero size
GNOME_balsa.csv,zero size
GNOME_banshee.csv,zero size
GNOME_dasher.csv,zero size
GNOME_dia.csv,zero size
GNOME_ekiga.csv,zero size
GNOME_eog.csv,zero size
GNOME_epiphany.csv,zero size
GNOME_galeon.csv,zero size
GNOME_gedit.csv,zero size
GNOME_gimp.csv,zero size
GNOME_glade.csv,zero size
GNOME_glib.csv,zero size
GNOME_gnome-calculator.csv,zero size
GNOME_gnome-desktop.csv,zero size
GNOME_gnome-games.csv,zero size
GNOME_gnome-keyring.csv,zero size
GNOME_gnome-media.csv,zero size
GNOME_gnome-power-manager.csv,zero size
GNOME_gnome-session.csv,zero size
GNOME_gnome-shell.csv,zero size
GNOME_gnome-system-monitor.csv,zero size
GNOME_gnome-system-tools.csv,zero size
GNOME_gnome-terminal.csv,zero size
GNOME_gnomeweb-wml.csv,zero size
GNOME_gnumeric.csv,zero size
GNOME_gthumb.csv,zero size
GNOME_gtk.csv,zero size
GNOME_gtksourceview.csv,zero size
GNOME_gtranslator.csv,zero size
GNOME_libgda.csv,zero size
GNOME_rhythmbox.csv,zero size
GNOME_tomboy.csv,zero size
GNOME_totem.csv,zero size
GNOME_yelp.csv,zero size
Gamua_Starling-Framework.csv,zero size
GarageGames_Torque3D.csv,zero size
GoteoFoundation_goteo.csv,zero size
HabitRPG_habitica.csv,zero size
HaxeFlixel_flixel.csv,zero size
JabRef_jabref.csv,zero size
Jackysi_advancedtomato.csv,zero size
KDE_craft.csv,zero size
KDE_kdepim.csv,zero size
KnpLabs_KnpUserBundle.csv,zero size
LExpress_symfony1.csv,zero size
LineageOS_android_frameworks_base.csv,zero size
MaharaProject_mahara.csv,zero size
MediaBrowser_Emby.csv,zero size
MiCode_Xiaomi_Kernel_OpenSource.csv,zero size
MittalMonika_BIS78_TriggerSimulation.csv,zero size
MotorolaMobilityLLC_kernel-mtk.csv,zero size
MovingBlocks_Terasology.csv,zero size
NeoCIRCLE_neocircle.csv,zero size
OpenELEC_OpenELEC.tv.csv,zero size
Polytechnique-org_platal.csv,zero size
PrestaShop_PrestaShop.csv,zero size
PyMVPA_PyMVPA.csv,zero size
RMerl_asuswrt-merlin.csv,zero size
SawfishWM_sawfish.csv,zero size
Shestak_ShestakUI.csv,zero size
Stichting-MINIX-Research-Foundation_minix.csv,zero size
StopKran_git_linux1.csv,zero size
Sylius_Sylius.csv,zero size
Sylius_SyliusCoreBundle.csv,zero size
TYPO3_TYPO3.CMS.csv,zero size
TrinityCore_TrinityCore.csv,zero size
ablab_spades.csv,zero size
amooma_GS3.csv,zero size
apache_ant.csv,zero size
apache_camel.csv,zero size
apache_flex-sdk.csv,zero size
avalanche123_Imagine.csv,zero size
avsm_src.csv,zero size
bdoin_GCompris.csv,zero size
bjorn_tiled.csv,zero size
carleton_reason_package.csv,zero size
cc65_cc65.csv,zero size
cdnjs_cdnjs.csv,zero size
cgeo_cgeo.csv,zero size
chrodriguez_meran.csv,zero size
claroline_Claroline.csv,zero size
cobbler_cobbler.csv,zero size
codeborne_selenide.csv,zero size
composer_composer.csv,zero size
corosync_corosync.csv,zero size
cram2_cram.csv,zero size
cuberite_cuberite.csv,zero size
cucumber_cucumber-ruby.csv,zero size
cyrusimap_cyrus-imapd.csv,zero size
dam_spot.csv,zero size
danmar_cppcheck.csv,zero size
deniskropp_DirectFB.csv,zero size
dorimanx_DORIMANX_LG_STOCK_LP_KERNEL.csv,zero size
duckduckgo_community-platform.csv,zero size
eclipse_rap.csv,zero size
emscripten-core_emscripten.csv,zero size
erlang_otp.csv,zero size
ethersex_ethersex.csv,zero size
euroelessar_qutim.csv,zero size
evi13measurements_enthalphy2.csv,zero size
feincms_feincms.csv,zero size
file_file.csv,zero size
filipg_amu_automata_2011.csv,zero size
frugalware_frugalware-current.csv,zero size
fsr-itse_EvaP.csv,zero size
fuel_core.csv,zero size
fusioninventory_fusioninventory-agent.csv,zero size
galette_galette.csv,zero size
gatling_gatling.csv,zero size
geany_geany.csv,zero size
gentoo-mirror_lisp.csv,zero size
gentoo_qt.csv,zero size
ging_vcc.csv,zero size
ging_vish.csv,zero size
git-tfs_git-tfs.csv,zero size
git.kernel.org_pub_scm_linux_kernel_git_dwmw2_kernel-headers.csv,zero size
git_git.csv,zero size
gitextensions_gitextensions.csv,zero size
gitlab.com_tim-jyu_tim.csv,zero size
glazzara_olena.csv,zero size
gnuplot_gnuplot.csv,zero size
gnutls_gnutls.csv,zero size
gothfox_Tiny-Tiny-RSS.csv,zero size
grame-cncm_faust.csv,zero size
haproxy-unofficial-obsolete-mirrors_haproxy.csv,zero size
hibernate_hibernate-orm.csv,zero size
icplayer_icplayer.csv,zero size
icsharpcode_ILSpy.csv,zero size
imagecms_ImageCMS.csv,zero size
indygreg_hg.csv,zero size
inet-framework_inet.csv,zero size
ipython_ipython.csv,zero size
jtalks-org_jcommune.csv,zero size
kenvandine_gnome-utils.csv,zero size
kivitendo_kivitendo-erp.csv,zero size
laravel_framework.csv,zero size
larisaSchappach_railsgirlsmunich2017.csv,zero size
leachim6_hello-world.csv,zero size
less_less.js.csv,zero size
locaweb_locawebstyle.csv,zero size
lunar-linux_moonbase-other.csv,zero size
mana_mana.csv,zero size
mbaechler_OBM.csv,zero size
mcostalba_Stockfish.csv,zero size
meebey_smuxi.csv,zero size
melpa_melpa.csv,zero size
mesa3d_mesa.csv,zero size
miar_yap.csv,zero size
mikehadlow_EasyNetQ.csv,zero size
mikek_crux-contrib.csv,zero size
mkerrisk_man-pages.csv,zero size
mmrko_opencv-msopentech.csv,zero size
moepda_android_kernel_huawei_berkeley.csv,zero size
mono_f-spot.csv,zero size
monoblaine_pidgin-main.csv,zero size
munin-monitoring_contrib.csv,zero size
nagios-plugins_nagios-plugins.csv,zero size
naparuba_shinken.csv,zero size
neex_git_second_task_a.csv,zero size
nette_nette.csv,zero size
nuxeo_nuxeo.csv,zero size
octocat_Spoon-Knife.csv,zero size
octokit_rest.js.csv,zero size
olesalscheider_exherbo-kde.csv,zero size
omegaup_omegaup.csv,zero size
omnetpp_omnetpp.csv,zero size
ony_arbor.csv,zero size
opencollab_scilab.csv,zero size
opencv_opencv.csv,zero size
openssl_openssl.csv,zero size
openstack_cinder.csv,zero size
orientechnologies_orientdb.csv,zero size
osmandapp_Osmand.csv,zero size
paparazzi_paparazzi.csv,zero size
passbolt_passbolt_api.csv,zero size
peff_wikitest.csv,zero size
pershoot_galaxy-31.csv,zero size
pfsense_pfsense-packages.csv,zero size
pfsense_pfsense.csv,zero size
pharo-project_pharo.csv,zero size
pikelang_Roxen.csv,zero size
playframework_play.csv,zero size
processone_ejabberd.csv,zero size
projeto-siga_siga.csv,zero size
pyinstaller_pyinstaller.csv,zero size
qgis_QGIS.csv,zero size
qreal_qreal.csv,zero size
qt_qt.csv,zero size
realXtend_tundra.csv,zero size
rear_rear.csv,zero size
recursive-ascent.csv,zero size
refinery_refinerycms.csv,zero size
repo.or.cz_netbsd-mini2440.csv,zero size
residualvm_residualvm.csv,zero size
rock-simulation_mars.csv,zero size
roundcube_roundcubemail.csv,zero size
rust-lang_rust.csv,zero size
rzwitserloot_lombok.csv,zero size
samba-team_samba.csv,zero size
scalaz_scalaz.csv,zero size
scrapy_scrapy.csv,zero size
siamect_proview.csv,zero size
sklintyg_minaintyg.csv,zero size
sourcefabric_Newscoop.csv,zero size
spraints_for-example.csv,zero size
symfony_symfony-docs.csv,zero size
test7070_sez.csv,zero size
thestinger_vte-ng.csv,zero size
tvheadend_tvheadend.csv,zero size
unclebob_fitnesse.csv,zero size
vibe-d_vibe.d.csv,zero size
vmg_hg-stable.csv,zero size
wowotechX_u-boot.csv,zero size
xbmc_repo-plugins.csv,zero size
xbmc_xbmc.csv,zero size
xmms2_xmms2-devel.csv,zero size
xsf_xeps.csv,zero size
yiisoft_yii.csv,zero size
yupe_yupe.csv,zero size
zba_dtc.csv,zero size
zendframework_zf2.csv,zero size
zopefoundation_ZODB.csv,zero size
zopefoundation_Zope.csv,zero size
0-0FFF_esp_idf_rel_v3.3.csv,less than 48 rows
0-GoAgent-Backup-And-Shadowsocks-Backup_shadowsocks.csv,less than 48 rows
0-T-0_TACTIC.csv,less than 48 rows
0-T-0_consul.csv,less than 48 rows
0-T-0_copr.csv,less than 48 rows
0-T-0_docker.csv,less than 48 rows
0-T-0_gitbook.csv,less than 48 rows
0-T-0_gocd.csv,less than 48 rows
0-T-0_influxdb.csv,less than 48 rows
0-afflatus_grail_test.csv,less than 48 rows
0-possum_OhPossum.csv,less than 48 rows
00-Ling_datasharing.csv,less than 48 rows
0000i0000_courseplay.csv,less than 48 rows
000333_belkirk-jekyll-demo.csv,less than 48 rows
000Nelson000_xgboost.csv,less than 48 rows
000_github-for-developers-7.csv,less than 48 rows
000_md5.csv,less than 48 rows
000dev_EventStore.csv,less than 48 rows
000fan000_Alamofire.csv,less than 48 rows
000fan000_DZNEmptyDataSet.csv,less than 48 rows
000fan000_bower.csv,less than 48 rows
000fan000_ios-charts.csv,less than 48 rows
000fan000_jieba.csv,less than 48 rows
000fan000_plottable.csv,less than 48 rows
001szym_merge-conflict.csv,less than 48 rows
001szymon_frontend-nanodegree-resume.csv,less than 48 rows
001szymon_uBlock.csv,less than 48 rows
003marek_Sunshine-Version-2.csv,less than 48 rows
004307ec_caffe.csv,less than 48 rows
004a_scot.csv,less than 48 rows
005186086_Tutorial.csv,less than 48 rows
007alibabas_nupic.csv,less than 48 rows
007bon_metasploit-framework.csv,pre-1970 dates
007jasonsmith_drone.csv,less than 48 rows
007jasonsmith_sample_app_rails_4.csv,less than 48 rows
007jedgar_gatsby_portfolio.csv,less than 48 rows
007sair_gatsby-starter-netlify-cms.csv,less than 48 rows
007slm_actor-platform.csv,less than 48 rows
007yaoyang_bluebird.csv,less than 48 rows
00Delphina00_00Delphina00.github.io.csv,less than 48 rows
00derek_deep_learning.csv,less than 48 rows
00derek_ud_ml_projects.csv,less than 48 rows
00kenshin_PM2.csv,less than 48 rows
00rwe_free-programming-books.csv,less than 48 rows
01010000101001100_bootstrap-sass.csv,less than 48 rows
01010000101001100_socket.io.csv,less than 48 rows
01010000101001100_stylus.csv,less than 48 rows
01022012_C2.csv,less than 48 rows
01022012_insoshi.csv,less than 48 rows
011RajChauhan_simple-20180802160501633_repo.csv,less than 48 rows
01BTC10_i2pd.csv,less than 48 rows
01ank1998_MyReads-Book-Manager-React.csv,less than 48 rows
01azzerghhuy_presto.csv,less than 48 rows
01m_graphql-go.csv,less than 48 rows
01org_IA-Hardware-Composer.csv,less than 48 rows
01org_daal.csv,less than 48 rows
01org_parameter-framework.csv,less than 48 rows
01qwepoid_startbootstrap-modern-business.csv,less than 48 rows
01remi_materialize.csv,less than 48 rows
01viniciusmelo_Orchard2.csv,less than 48 rows
01viniciusmelo_corefx.csv,less than 48 rows
02110917_dagger.csv,less than 48 rows
029vaibhav_drools-wb.csv,less than 48 rows
0359xiaodong_SalesforceMobileSDK-Android.csv,less than 48 rows
0359xiaodong_Superuser.csv,less than 48 rows
0359xiaodong_calabash-android.csv,less than 48 rows
0359xiaodong_sweetalert.csv,less than 48 rows
0359xiaodong_uTox.csv,less than 48 rows
0359xiaodong_wechat.csv,less than 48 rows
0359xiaodong_xabber-android.csv,less than 48 rows
040378c0_iframely.csv,less than 48 rows
040mike_docs.csv,less than 48 rows
04160_react-udemy-demo.csv,less than 48 rows
04th0809_website.csv,less than 48 rows
05BIT008_laptop.csv,less than 48 rows
05alejandro_Ogar.csv,less than 48 rows
05dfleming_grammars-v4.csv,less than 48 rows
0602114042_build-web-application-with-golang.csv,less than 48 rows
0607060123_webprotege.csv,less than 48 rows
061-Lnx-GITHUB_SIP.js.csv,less than 48 rows
063ef060_starter-blog.csv,less than 48 rows
06496_android_packages_apps_Apollo.csv,less than 48 rows
08hjz_martini.csv,less than 48 rows
09050966348_polymer.csv,less than 48 rows
0919086564_release-based-workflow.csv,less than 48 rows
091karanshah_kendo-ui-core.csv,less than 48 rows
09saurabh09_vocal.csv,less than 48 rows
0Robert22_untitled-dice.github.io.csv,less than 48 rows
0VS0_WireGuard-06-10-2018.csv,less than 48 rows
0VS0_fabric-06-10-2018.csv,less than 48 rows
0amber_itfc-cot.csv,less than 48 rows
0iras0r_learnxinyminutes-docs.csv,less than 48 rows
0my0_vue-admin.csv,less than 48 rows
0mythic0_Bot.csv,less than 48 rows
0n1zz_main.csv,less than 48 rows
0r_ResearchKit.csv,less than 48 rows
0rangeT1ger_flux.csv,less than 48 rows
0restes_edx-platform.csv,less than 48 rows
0rt_proprietary_vendor_samsung.csv,less than 48 rows
0sama_numerical-mooc.csv,less than 48 rows
0sc4rR4v3l0_mybasejump.csv,less than 48 rows
0theRookie_chattyApp.csv,less than 48 rows
0utsider_ngx_pagespeed.csv,less than 48 rows
0verthinking_Ghost.csv,less than 48 rows
0x-x0_coding-interview-university.csv,less than 48 rows
0x000F_FrameworkBenchmarks.csv,less than 48 rows
0x047d_micropython-lib.csv,less than 48 rows
0x047d_zerotier-one.csv,less than 48 rows
0x0B501E7E_aac.csv,less than 48 rows
0x0G_crust.csv,less than 48 rows
0x0ece_druid.csv,less than 48 rows
0x0mar_social-engineer-toolkit.csv,less than 48 rows
0x10c_snorkel.csv,less than 48 rows
0x12fe5da88_huginn.csv,less than 48 rows
0x155_wp-calypso.csv,less than 48 rows
0x213F_littlecomputer3.csv,less than 48 rows
0x24Aof_generator-angular-fullstack.csv,less than 48 rows
0x4380_darkogram.csv,less than 48 rows
0x43_fig-standards.csv,less than 48 rows
0x4445565A_angular-meteor-docs.csv,less than 48 rows
0x4E0x650x6F_connect.csv,less than 48 rows
0x55AAh_FortyTwoTestTask.csv,less than 48 rows
0x73_www.ruby-lang.org.csv,less than 48 rows
0x8080_decaf-emu.csv,less than 48 rows
0x90909_binary-static-www3.csv,less than 48 rows
0xC05_blog.0xc05.ml.csv,less than 48 rows
0xDEC0DE8_sdsl-lite.csv,less than 48 rows
0xF013_react-redux-universal-hot-example.csv,less than 48 rows
0xFEE1600D_mautic.csv,less than 48 rows
0xFireball_Wox.csv,less than 48 rows
0xKAG_aws-cli.csv,less than 48 rows
0xKalle_serverless.csv,less than 48 rows
0xabad1deaf_boxen.csv,less than 48 rows
0xcc_pyston.csv,less than 48 rows
0xleir_0xleir.github.io.csv,less than 48 rows
0xqq_carbondata.csv,less than 48 rows
1000liview_optee_os.csv,less than 48 rows
1001hz_Juno-Node.csv,less than 48 rows
1010101012101_MixedRealityToolkit-Unity.csv,less than 48 rows
1010101012101_office-ui-fabric-react.csv,less than 48 rows
10101011b17_neo-shine-wallet.csv,less than 48 rows
1012_ui-router.csv,less than 48 rows
1015472_MissionPlanner.csv,less than 48 rows
101airflight101_digital-template.csv,less than 48 rows
101senses_magmi-git.csv,less than 48 rows
1024122298_elasticsearch-definitive-guide.csv,less than 48 rows
1024122298_openstack-manuals.csv,less than 48 rows
104260033_database.csv,less than 48 rows
1045347128_chanzhieps.csv,less than 48 rows
1060460048_FoundationPress.csv,less than 48 rows
1098994933_python.csv,less than 48 rows
10clouds_flutter-plugins.csv,less than 48 rows
10headless_hawkthorne-journey.csv,less than 48 rows
10thfloor_topcoat.csv,less than 48 rows
10up_varying-vagrant-vagrants.csv,less than 48 rows
10xephos01_Mekanism.csv,less than 48 rows
10z_kk_platform_docs_source.android.com.csv,less than 48 rows
10z_kk_platform_external_apache-harmony.csv,less than 48 rows
10z_kk_platform_external_libselinux.csv,less than 48 rows
10z_kk_platform_external_tinyalsa.csv,less than 48 rows
10z_kk_platform_frameworks_compile_libbcc.csv,less than 48 rows
10z_kk_platform_frameworks_opt_calendar.csv,less than 48 rows
10z_kk_platform_frameworks_opt_vcard.csv,less than 48 rows
10z_kk_platform_frameworks_testing.csv,less than 48 rows
10z_kk_platform_hardware_invensense.csv,less than 48 rows
10z_kk_platform_packages_screensavers_phototable.csv,less than 48 rows
10z_kk_platform_system_netd.csv,less than 48 rows
11010tianyi_shiny.csv,less than 48 rows
110700_whitehall.csv,less than 48 rows
1117daperez_crouton.csv,less than 48 rows
1123_java-buildpack.csv,less than 48 rows
1158322881_simple-toolchain-20171105122827627.csv,less than 48 rows
11grossmane_knots.csv,less than 48 rows
1210796299_james-project.csv,post-2020 dates
121watts_sales_engine.csv,less than 48 rows
12301111YaoJie_PerfKitBenchmarker.csv,less than 48 rows
12306Ng4Android_android-architecture.csv,less than 48 rows
1234-_newww.csv,less than 48 rows
123akash_manila.csv,less than 48 rows
127y_core.csv,less than 48 rows
1291pravin_angular-electron.csv,less than 48 rows
129z7k_basejava.csv,less than 48 rows
12GSolutions_WordPress-Skeleton.csv,less than 48 rows
12problems_minecolonies.csv,less than 48 rows
13036manoj_react-native-firebase-demo.csv,less than 48 rows
131072_MEGAsync.csv,less than 48 rows
1310aditya_gitfiti.csv,less than 48 rows
1311430135_https-github.com-syncany-syncany.csv,less than 48 rows
132435phil_Galacticraft.csv,less than 48 rows
1337807_ruby-build.csv,less than 48 rows
1337Noob1337_OpenRCT2.csv,less than 48 rows
1350562074_tw.hao.csv,less than 48 rows
13683116633_countly-server.csv,less than 48 rows
137px_selfstarter.csv,less than 48 rows
13927729580_NxtBlockchain.csv,less than 48 rows
1394_skia-buildbot.csv,less than 48 rows
140293816_Hawkular-fork.csv,less than 48 rows
141code_141emerald.csv,less than 48 rows
1465799166_gatsby-starter-calpa-blog.csv,less than 48 rows
148349_liferay-faces.csv,less than 48 rows
14dhawalvora_app-catalog.csv,less than 48 rows
14mmm_learnosm.csv,less than 48 rows
14sachik_othello.csv,less than 48 rows
153armstrong_tone.csv,less than 48 rows
15921050052_code-dot-org.csv,less than 48 rows
15998869213_apollo.csv,less than 48 rows
16nsk_Codiad.csv,less than 48 rows
171767313_Aeron.csv,less than 48 rows
18098924759_JabbR.csv,less than 48 rows
181_WP-API.csv,less than 48 rows
1894citizen_intern.csv,less than 48 rows
18F_18f-identity.csv,less than 48 rows
18F_Modular-Contracting-And-Agile-Development.csv,less than 48 rows
18F_cf-deck.csv,less than 48 rows
18F_midas.csv,less than 48 rows
18F_web-design-standards.csv,less than 48 rows
18orkidea_hugo-theme-docdock.csv,less than 48 rows
1974kpkpkp_merb.csv,less than 48 rows
198907026139_dc.js.csv,less than 48 rows
19deepak83_samples.csv,less than 48 rows
1UnboundedSentience_advanced-controller-testing.csv,less than 48 rows
1WayOrAnother_cookie-recipe.csv,less than 48 rows
1a761_KanColleViewer.csv,less than 48 rows
1abiel_a.csv,less than 48 rows
1anch_sample-cloud-native-toolchain-tutorial-20171117084049601.csv,less than 48 rows
1attice_postgraphql.csv,less than 48 rows
1fatfox_screwdoku.csv,less than 48 rows
1gor_lobsters.csv,less than 48 rows
1seocoinonline_555.csv,less than 48 rows
1stein_docs.particular.net.csv,less than 48 rows
1yvT0s_illacceptanything.csv,pre-1970 dates
1yvT0s_illacceptanything.csv,post-2020 dates
1yvT0s_open-source-search-engine.csv,less than 48 rows
1yvT0s_openwebrtc.csv,less than 48 rows
2012048245_ProcessWire.csv,less than 48 rows
2012summerain_docs.csv,less than 48 rows
2014cdag21_origin-server.csv,less than 48 rows
20koneek_test.csv,less than 48 rows
210ToNy210_pump.io.csv,less than 48 rows
213withani_todoapp.csv,less than 48 rows
21hook_CS61B.csv,less than 48 rows
21wiz_Ruby-depths.csv,less than 48 rows
23nobody_pets_udacity.csv,less than 48 rows
24Batch-OLD_android_packages_apps_SetupWizard.csv,less than 48 rows
2542859454_jackson-databind.csv,less than 48 rows
280Rubys_hound.csv,less than 48 rows
2947721120_cdnjs-new-website.csv,less than 48 rows
2947721120_choredev.csv,less than 48 rows
2947721120_foam.csv,less than 48 rows
2dumb_Altis-Life.csv,less than 48 rows
2gis_nuclear-join.csv,less than 48 rows
2jun0_2jun0.github.io.csv,less than 48 rows
2lost4u_Carla.csv,less than 48 rows
2rajukv_lets-chat.csv,less than 48 rows
3125788_Android-IMSI-Catcher-Detector.csv,less than 48 rows
315234_coreutils.csv,less than 48 rows
333fred_wpi-suite-tng-joke.csv,less than 48 rows
368_vaadin-grid.csv,less than 48 rows
37efd_tw.csv,less than 48 rows
3882501676_quantacom-01.csv,less than 48 rows
3a-classic_score.csv,less than 48 rows
3den_Likemarks.csv,less than 48 rows
3dmaxesr_warriorjs.csv,less than 48 rows
3runrunrun_web.cm.csv,less than 48 rows
404UserNotFound_TF2Classic.csv,less than 48 rows
40a_stacki.csv,less than 48 rows
40hood_teambox.csv,less than 48 rows
420reich_atmosphere.csv,less than 48 rows
42tg_phaser-intro.csv,less than 48 rows
43622283_HIP.csv,less than 48 rows
45rpm_counterpartyd.csv,less than 48 rows
465060874_bootstrap-table-examples.csv,less than 48 rows
471685249_cordova-plugin-file-transfer.csv,less than 48 rows
49V_schoodle.csv,less than 48 rows
4HeadTiger_heroku-test.csv,less than 48 rows
4Hu-mns_patternlab-php.csv,less than 48 rows
4PERTURE_4PERTURE-MODS.csv,less than 48 rows
4Taine_rpi-rgb-led-matrix.csv,less than 48 rows
4cesc_zstd.csv,less than 48 rows
4j17h_userbot-test.csv,less than 48 rows
4z3_khaleesi.csv,less than 48 rows
522986491_yangtools.csv,less than 48 rows
545zhou_osf.io.csv,less than 48 rows
5ag1_SMQTK.csv,less than 48 rows
5pld3y_dnp3.csv,less than 48 rows
600rr_jasp-desktop.csv,less than 48 rows
602147629_shumway.csv,less than 48 rows
6035_tests.csv,less than 48 rows
635168775_laravel-ecommerce.csv,less than 48 rows
695215742_template-java-spring-hibernate.csv,less than 48 rows
6DB_OSVR-Core.csv,less than 48 rows
6by6_n98-magerun.csv,less than 48 rows
6ui11em_kirbycms-bootstrap-blog-starterkit.csv,less than 48 rows
7022Andre_bloc-jams-angular.csv,less than 48 rows
73nko_pencilblue.csv,less than 48 rows
7clau21_bloc-jams.csv,less than 48 rows
7system7_browser-logos.csv,less than 48 rows
8dx_IdleLands.csv,less than 48 rows
8kritek_miranda-ng.csv,less than 48 rows
8l_Ammonite.csv,less than 48 rows
8l_mc.csv,less than 48 rows
9030543020_docs.csv,less than 48 rows
9339191_git.csv,less than 48 rows
981746_hack.g0v.tw.csv,less than 48 rows
98pm_barbican.csv,less than 48 rows
99Scratch_WALKOFF.csv,less than 48 rows
99plus2_d3fc.csv,less than 48 rows
9z25_AndroidTutorials.csv,less than 48 rows
A0C_social.csv,less than 48 rows
A2OS_Device_Server.csv,less than 48 rows
A3Sec_canopsis.csv,less than 48 rows
A973C_senna.js.csv,less than 48 rows
AARNET_activity.csv,less than 48 rows
AAsriyan_Data-Structures.csv,less than 48 rows
ABLD_nodebb-theme-spring1944.csv,less than 48 rows
ABMT-2018_java-examples.csv,less than 48 rows
ACal_company-website.csv,less than 48 rows
AD1306_ibmCustomToolchain.csv,less than 48 rows
AD1ctive_jigoshop.csv,less than 48 rows
ADVAN-ELAA-34207421_external_android-clat.csv,less than 48 rows
ADVAN-ELAA-8QM-PRC1_platform-external-libmpeg2.csv,less than 48 rows
ADesai17_AJ_AddressBook.csv,less than 48 rows
AEXmod_platform_prebuilts_clang_host_linux-x86.csv,less than 48 rows
AEgan_AEgan_world.csv,less than 48 rows
AFokas_trip-photo.csv,less than 48 rows
AHGSI_WRDelay.csv,less than 48 rows
AHandless_Tempest.csv,less than 48 rows
AICP_device_asus_Z008.csv,less than 48 rows
AICP_device_huawei_kirin970-common.csv,less than 48 rows
AICP_device_lge_d802.csv,less than 48 rows
AICP_device_motorola_ghost.csv,less than 48 rows
AICP_device_nvidia_shieldtablet.csv,less than 48 rows
AICP_device_samsung_d2-common.csv,less than 48 rows
AICP_device_samsung_i9500.csv,less than 48 rows
AICP_device_samsung_tuna.csv,less than 48 rows
AICTL_bosun.csv,less than 48 rows
AJarasse_FreshRSS.csv,less than 48 rows
AK-SKV_hr-addons.csv,less than 48 rows
AKHarrell_Swarmathon-Mobility-COSC-420-HW.csv,less than 48 rows
AKamanjha_express-mongoose-es6-rest-api.csv,less than 48 rows
ALMighty_almighty-core.csv,less than 48 rows
ALRubinger_narayana.csv,less than 48 rows
AMPATH_ng-amrs.csv,less than 48 rows
AMilassin_Java-Lang.csv,less than 48 rows
ANGELCHAT_Angelchat.docsearch.csv,less than 48 rows
ANL-CESAR_openmc.csv,less than 48 rows
ANTodorov_zuul.csv,less than 48 rows
AOAmara_archivesspace.csv,less than 48 rows
AOKP_device_asus_grouper.csv,less than 48 rows
AOKP_device_samsung_crespo.csv,less than 48 rows
ARTIKLARTIKL_LWC.csv,less than 48 rows
ARTenshi_JUSTINA.csv,less than 48 rows
AStaric_staged-recipes.csv,less than 48 rows
ATP93_getdns.csv,less than 48 rows
Aaron-Ramirez_ACA.csv,less than 48 rows
AaronAstle_dotfiles.csv,less than 48 rows
AasSuhendar_nuxeo-drive.csv,less than 48 rows
AbdulMuqsit_JSIL.csv,less than 48 rows
Abhi011999_android_device_samsung_j5lte.csv,less than 48 rows
Abhisar_lens.csv,less than 48 rows
AboAbderrahman_Makhtotat.csv,less than 48 rows
Achrafkrissi_jbosstools-website.csv,less than 48 rows
Action-Committee_x265.csv,less than 48 rows
AdaGold_MediaRanker.csv,less than 48 rows
AdaGold_TaskList.csv,less than 48 rows
AdaGold_VideoStoreAPI.csv,less than 48 rows
AdaptableServices_Fully-Bootstrapped-Oscommerce.csv,less than 48 rows
AdrianPerreaultOld_scalajs-spa-tutorial.csv,less than 48 rows
Adrien81_skylines.csv,less than 48 rows
Aeksey_skb1.csv,less than 48 rows
Aerobats_reflex-platform.csv,less than 48 rows
Aeroglyphic_zeit-cli.csv,less than 48 rows
Aeternity_ledger-live-desktop.csv,less than 48 rows
Aexyn_WebRTC.csv,less than 48 rows
AgencyX_ror_ecommerce.csv,less than 48 rows
AgileBits_AppCenter-SDK-Apple.csv,less than 48 rows
AglarCZ_Nameless.csv,less than 48 rows
Agoric_agoric-sdk.csv,less than 48 rows
AiiR42_core.typed.csv,less than 48 rows
AjayTsao_rcloud.csv,less than 48 rows
Akanksha08_sahara.csv,less than 48 rows
Aladdin-ADD_typescript-eslint.csv,less than 48 rows
AlanFrey_dnx.csv,less than 48 rows
AlbertJP_envytools.csv,less than 48 rows
Aldanor_Model01-Firmware.csv,less than 48 rows
AlexLMeow_HubTurbo.csv,less than 48 rows
AlexSTV_ember.csv,less than 48 rows
AlexaBierm3_Alexander.csv,less than 48 rows
AlexandrLopoukhov_GiveTheBall.csv,less than 48 rows
AlfrescoTestAutomation_alfresco-desktopsync.csv,pre-1970 dates
AliJabar_l2switch.csv,less than 48 rows
AliOC_blog.csv,less than 48 rows
AllThing_summingbird.csv,less than 48 rows
Alleks12_WBS.csv,less than 48 rows
AllianceAOSP_android_tools_base.csv,less than 48 rows
Almamu_pokeruby_nuzlocke.csv,less than 48 rows
AmazingTrans_RNStarterKit.csv,less than 48 rows
AndBicScadMedia_wet-boew-drupal.csv,less than 48 rows
Andrea11_Known.csv,less than 48 rows
AndreasHeger_cgat.csv,zero rows
Andrew8305_database-as-a-service.csv,less than 48 rows
AndyScott_metals.csv,less than 48 rows
AnnaLut_abs3.csv,pre-1970 dates
AnneNH_website.csv,less than 48 rows
AntVis_g2.csv,less than 48 rows
AntonBaluev_ert.csv,pre-1970 dates
Application-Operations_azure-docs.zh-cn.csv,less than 48 rows
AprilRobotics_apriltag.csv,less than 48 rows
Arakmar_Rekonq.csv,less than 48 rows
ArchiveTeam_glowing-computing-machine.csv,less than 48 rows
ArkEcosystem_ark-desktop.csv,less than 48 rows
ArkansasLights_vixen.csv,less than 48 rows
Arnavion_typescript-codeplex.csv,less than 48 rows
AsaEE_ESP-rSource.csv,less than 48 rows
AshFurrow_metaphysics.csv,less than 48 rows
Ashwani001_yournextrepresentative.csv,less than 48 rows
Ashwini7_platformsh-cli.csv,less than 48 rows
Assimilator_open-lmis.csv,less than 48 rows
AstridLiu_seek-style-guide.csv,less than 48 rows
AthmanZiri_rapidpro.csv,less than 48 rows
AtiaZ_integration.csv,less than 48 rows
Attendize_attendize.csv,less than 48 rows
Axure_Nemo.jl.csv,less than 48 rows
Azure_acs-engine.csv,less than 48 rows
Azure_azure-iot-sdks.csv,less than 48 rows
Azure_azure-sdk-tools.csv,less than 48 rows
BarbaraV_pymor.csv,less than 48 rows
BartekJan_ign-math.csv,less than 48 rows
BarzaH_watcher.csv,less than 48 rows
BecCooney_chrome-uploader.csv,less than 48 rows
Behcet_aerospike-client-nodejs.csv,post-2020 dates
BenHeubl_gooddata-js.csv,less than 48 rows
Bhattiasif_triqs.csv,less than 48 rows
BigchainDB_bigchaindb.csv,less than 48 rows
BitcoinFactsWiki_english.csv,zero rows
Bitergia_apache-cloudstack-dashboard.csv,less than 48 rows
Bluerise_openbsd.csv,less than 48 rows
BootcampHTML5_startup.csv,less than 48 rows
Bran-Stark_rDSN.csv,less than 48 rows
BrandwatchLtd_axiom.csv,less than 48 rows
BrendaManrique_OTM2.csv,less than 48 rows
Bukkit_CraftBukkit.csv,less than 48 rows
BuloZB_DBM.csv,less than 48 rows
CASTHighlight_hollow.csv,less than 48 rows
CCI-MOC_GUI.csv,less than 48 rows
CCPPETMR_SIRF.csv,less than 48 rows
COEJKnight_five.csv,less than 48 rows
COEJKnight_one.csv,less than 48 rows
COEJKnight_two.csv,less than 48 rows
COOLak_Parsoid.csv,less than 48 rows
CVSz_clipbucket.csv,less than 48 rows
CalSol_Infra.csv,less than 48 rows
CaliOpen_CaliOpen.csv,less than 48 rows
CameraKit_camerakit-android.csv,less than 48 rows
Camplayer_OpenMOC.csv,less than 48 rows
CandyRoms_device_generic_emulatorx86.csv,less than 48 rows
Cbrdiv_Optware.csv,less than 48 rows
CenturyLinkCloud_MDW.csv,less than 48 rows
ChimeraTK_AD16.csv,less than 48 rows
Circul8_starter-theme.csv,less than 48 rows
ClouDev_CloudBot.csv,less than 48 rows
Cloudxtreme_LinOTP.csv,less than 48 rows
ClusterHQ_flocker.csv,less than 48 rows
Code-hound_ES.csv,less than 48 rows
CodeClub_scratch-curriculum.csv,less than 48 rows
ColdrickSotK_definitions.csv,less than 48 rows
Connexions_cnx-deploy.csv,less than 48 rows
Connexions_cte.csv,less than 48 rows
Contra_rack.csv,less than 48 rows
Coveo_Search-UI.csv,post-2020 dates
CruGlobal_missionhub.csv,less than 48 rows
CruGlobal_mpdx.csv,less than 48 rows
CyanogenMod_android_device_hp_tenderloin.csv,less than 48 rows
CyanogenMod_android_device_htc_endeavoru.csv,less than 48 rows
CyanogenMod_android_device_semc_msm7x30-common.csv,less than 48 rows
CyanogenMod_android_device_xiaomi_cancro.csv,less than 48 rows
CyanogenMod_android_device_zuk_ham.csv,less than 48 rows
CyanogenMod_android_frameworks_opt_telephony-msim.csv,less than 48 rows
CyanogenMod_android_hardware_ti_omap4xxx.csv,less than 48 rows
Cyberdyne-Communications_platform-public-distributions.csv,less than 48 rows
DHIS2_dhis2-android-capture-app.csv,less than 48 rows
DJR-FP_FullProxy_v1.csv,less than 48 rows
DOCGroup_ACE_TAO.csv,pre-1970 dates
DRMF_vagrant.csv,less than 48 rows
Daazs_PyOT.csv,less than 48 rows
DarumasLegs_framework.csv,less than 48 rows
DataONEorg_d1_client_onedrive.csv,pre-1970 dates
DemocracyOS_app.csv,less than 48 rows
Devbootcamp_phase-0-tracks.csv,zero rows
Devbootcamp_phase_0_unit_1.csv,zero rows
Dgroke_Testprojekt.csv,less than 48 rows
DhanasekarT_Gooru-Web.csv,less than 48 rows
Didimension_123.csv,less than 48 rows
DiffBlue-benchmarks_graphql-java.csv,less than 48 rows
Differential_accounts-entry.csv,less than 48 rows
DigiThinkIT_stem.csv,less than 48 rows
Dilshani_platform.csv,less than 48 rows
DrRayWang_Chef-Base.csv,less than 48 rows
Dronecode_DronecodeSDK.csv,less than 48 rows
Duckbox-Developers_cdk.csv,less than 48 rows
DuncanGarrettBWG_Ascent.csv,less than 48 rows
E3SM-Project_fates.csv,less than 48 rows
EBI-IntAct_intact.csv,less than 48 rows
EOSIO_eos.csv,less than 48 rows
ESRF-BCU_beacon.csv,less than 48 rows
ESTOS_meet.csv,less than 48 rows
EduSoho_EduSoho.csv,less than 48 rows
EntropiaFox_astranauta.github.io.csv,less than 48 rows
Essamirra_agile-course-practice.csv,less than 48 rows
EuroPOND_clinica.csv,less than 48 rows
Evervolv_android_device_samsung_d710.csv,less than 48 rows
Ezio47_ngeo.csv,less than 48 rows
Ezio47_oskari-server.csv,less than 48 rows
Ezio47_oskari.csv,less than 48 rows
F1-GalaxyNexus_android_device_samsung_i9300.csv,less than 48 rows
FRC900_zebROS_Nano.csv,less than 48 rows
FabianoRosas_bifrost.csv,less than 48 rows
Famous_famous.csv,less than 48 rows
FaridSafi_react-native-gifted-messenger.csv,less than 48 rows
FarmBot_farmbot-web-app.csv,less than 48 rows
Finc8888_git_dz.csv,less than 48 rows
FlavioFalcao_OsmAnd-tools.csv,less than 48 rows
FluidPlay_TAPrime-tmp.csv,zero rows
Flyhalf205_android_kernel_htc_m7.csv,less than 48 rows
Food4Life_Food4Life-Donation.csv,less than 48 rows
Foundations-of-Applied-Mathematics_Labs.csv,less than 48 rows
Frrank1_tcs-cronos.csv,less than 48 rows
Fugg_Tukui.csv,less than 48 rows
GPCN_calendar.csv,less than 48 rows
GSA_digital.gov.csv,less than 48 rows
GSA_sdg-indicators.csv,less than 48 rows
GSCTeam_mariadb-columnstore-engine.csv,less than 48 rows
GerritForge_plugins_multi-site.csv,less than 48 rows
GooTechnologies_goojs.csv,less than 48 rows
GoogleCloudPlatform_google-cloud-php.csv,less than 48 rows
GoogleContainerTools_jib.csv,less than 48 rows
Grace_neon-gtd.csv,less than 48 rows
HERA-Team_pyuvdata.csv,less than 48 rows
HPHelion_documentation.csv,less than 48 rows
Hacktoberfest-2018_Hello-world.csv,less than 48 rows
HaliteChallenge_Halite-II.csv,less than 48 rows
I-S-E_Kerbalism.csv,less than 48 rows
IBM_carbon-components-react.csv,less than 48 rows
ICT4H_dcs-api.csv,less than 48 rows
IFGHou_nmap.csv,pre-1970 dates
IMCG_Thrill.csv,less than 48 rows
IT93_repo.csv,less than 48 rows
IV-GII_GII-2013.csv,less than 48 rows
IgniteUI_ignite-js-blocks.csv,less than 48 rows
InfTec_ju.csv,less than 48 rows
Intel-Media-SDK_MediaSDK.csv,pre-1970 dates
IntroHCI_lab3.csv,less than 48 rows
JFHwang_Temp.csv,less than 48 rows
Jahia_ehcache.csv,pre-1970 dates
JdoubleU_ddev.csv,less than 48 rows
JeroenDeDauw_UploadWizard.csv,less than 48 rows
Jish0_core-theme.csv,less than 48 rows
JnRouvignac_dot_eclipse.csv,pre-1970 dates
JohannD_unimgr.csv,less than 48 rows
JohnFLewis_wikibugs2.csv,less than 48 rows
JoshCheek_hc.csv,less than 48 rows
JpressProjects_jpress.csv,less than 48 rows
Jullil_gxt.csv,less than 48 rows
JumpstartLab_store_engine.csv,less than 48 rows
JustArchi_ArchiSteamFarm.csv,less than 48 rows
KaiKikuchi_QuickShop.csv,less than 48 rows
Kallaway_100-days-of-code.csv,less than 48 rows
Kaustubhgandhi_CHRE.csv,less than 48 rows
Kayant_Central_device_common_4.2.csv,less than 48 rows
Khaon_libopus.csv,less than 48 rows
Koenkk_zigbee2mqtt.csv,less than 48 rows
Kotlin-Polytech_KotlinAsFirst2018.csv,less than 48 rows
Kwoth_NadekoBot.csv,less than 48 rows
LANL_stonix.csv,less than 48 rows
LArSoft_larreco.csv,pre-1970 dates
LDMXAnalysis_ldmx-sw.csv,less than 48 rows
LLNL_hypre.csv,less than 48 rows
LSST_pipe_tasks.csv,less than 48 rows
Lab41_poseidon.csv,less than 48 rows
LambdaSchool_Sprint-Challenge--JavaScript.csv,less than 48 rows
LaraDock_laradock.csv,less than 48 rows
Laracommerce_laracom.csv,less than 48 rows
Laravel-Backpack_crud.csv,less than 48 rows
Layus_Specs.csv,less than 48 rows
Lexis_LazyLibrarian.csv,less than 48 rows
LineageOS_android_device_samsung_serrano-common.csv,post-2020 dates
LiskHQ_lisk-nano.csv,less than 48 rows
LiskHQ_lisk.csv,less than 48 rows
Littleboy_scummvm-jt.csv,less than 48 rows
LucasFilleul_Alamud_YAML_Game.csv,less than 48 rows
LukeLoze1_census-test.csv,less than 48 rows
Lusito_GGJ16.csv,less than 48 rows
MDamien_pcd-wiki.csv,less than 48 rows
MIPS_external-chromium_org-third_party-WebKit.csv,less than 48 rows
MIPS_external-libchrome.csv,less than 48 rows
MIPS_prebuilts-sdk.csv,less than 48 rows
MN-Script-Team_DHS-MAXIS-Scripts.csv,less than 48 rows
MTco_chef.csv,less than 48 rows
Mainflux_mainflux.csv,less than 48 rows
MarkZ3_orbit-recipes.csv,less than 48 rows
MatthD_whosonfirst-data.csv,less than 48 rows
Mattlk13_gitlab-ci.csv,less than 48 rows
MicrosoftDocs_SCCMdocs.csv,less than 48 rows
MicrosoftDocs_machine-learning-server-docs.csv,pre-1970 dates
MicrosoftDocs_navdevitpro-content-pr.csv,pre-1970 dates
MicrosoftDocs_office-docs-powershell.csv,less than 48 rows
Microsoft_AppCenter-SDK-Android.csv,less than 48 rows
Microsoft_BotBuilder.csv,less than 48 rows
Microsoft_ChakraCore.csv,less than 48 rows
Microsoft_IntuneDocs.ja-jp.csv,less than 48 rows
Microsoft_LightGBM.csv,less than 48 rows
Microsoft_WinObjC.csv,less than 48 rows
Microsoft_pxt-microbit.csv,less than 48 rows
Microsoft_pxt.csv,less than 48 rows
Microsoft_sarif-sdk.csv,less than 48 rows
Microsoft_sqltoolsservice.csv,less than 48 rows
Microsoft_vscode-chrome-debug.csv,less than 48 rows
Microsoft_vscode-cpptools.csv,less than 48 rows
Microsoft_vscode-react-native.csv,less than 48 rows
Microsoft_vscode.csv,less than 48 rows
Microsoft_vsts-agent.csv,less than 48 rows
Mirocow_livejournal.csv,less than 48 rows
MoKee_www.csv,less than 48 rows
MoonchildProductions_UXP.csv,less than 48 rows
MyEtherWallet_etherwallet.csv,zero rows
NCAR_wrf_hydro_training.csv,less than 48 rows
NCIP_nci-analysis-tools-web-presence.csv,less than 48 rows
NSLS-II_DataBroker.csv,less than 48 rows
NationalSecurityAgency_pupmod-simp-ssh.csv,zero rows
Nehon_sandbox_wiki_jme.csv,less than 48 rows
Neil294_opg-lpa.csv,less than 48 rows
Neilpang_acme.sh.csv,less than 48 rows
Neuro_spinalcordtoolbox.csv,less than 48 rows
NuCivic_dkan.csv,less than 48 rows
NyxStudios_TShock.csv,less than 48 rows
ONLYOFFICE_web-apps-old.csv,zero rows
OSGP_Shared.csv,less than 48 rows
OSSIA_API.csv,less than 48 rows
OXOIndustries_Trials-in-Tainted-Space.csv,zero rows
Oddegamra_mcomix.csv,less than 48 rows
Onegini_ios-example-app.csv,less than 48 rows
Open-O_gso-gui.csv,less than 48 rows
Open-Transactions_Open-Transactions.csv,less than 48 rows
OpenBazaar_OpenBazaar.csv,less than 48 rows
OpenCPN_OpenCPN.csv,pre-1970 dates
OpenCPN_OpenCPN.csv,post-2020 dates
OpenDataSpace_jlan.csv,pre-1970 dates
OpenFOAM_OpenFOAM-2.2.x.csv,less than 48 rows
OpenGenus_cosmos.csv,less than 48 rows
OpenZeppelin_openzeppelin-solidity.csv,less than 48 rows
PBSPro_pbspro.csv,less than 48 rows
PDXostc_rvi_sota_server.csv,less than 48 rows
PLplot_PLplot.csv,pre-1970 dates
PYPIT_PYPIT.csv,less than 48 rows
PalladioSimulator_Palladio-Core-PCM.csv,pre-1970 dates
Pardus-Linux_Packages.csv,less than 48 rows
ParsePlatform_parse-server.csv,less than 48 rows
PhoneJ2ME_kdp.csv,less than 48 rows
PierreQuentel_brython.csv,less than 48 rows
Plailect_Guide.csv,less than 48 rows
PlayOnLinux_POL-POM-5.csv,less than 48 rows
PowerShell_PowerShell-Docs.csv,less than 48 rows
Pterodactyl_Panel.csv,less than 48 rows
PunkUnity_kernel_htc_m8gpe.csv,less than 48 rows
Putnam3145_spacestation413.csv,less than 48 rows
PyBossa_pybossa-default-theme.csv,less than 48 rows
Quantum-kernel_Quantum-Exynos7870.csv,less than 48 rows
RENCI-NRIG_orca5.csv,pre-1970 dates
RPCS3_rpcs3.csv,post-2020 dates
RackHD_on-tasks.csv,less than 48 rows
Rajia_Android.csv,less than 48 rows
Reference-LAPACK_lapack.csv,pre-1970 dates
RetroPie_docs.csv,less than 48 rows
RoboJackets_software-training.csv,less than 48 rows
RocketMap_RocketMap.csv,less than 48 rows
RogueException_Discord.Net.csv,less than 48 rows
RustOxide_Oxide-2.csv,less than 48 rows
Ryan-Fitchett_Test.csv,less than 48 rows
SEEDTEAM_TeleSeed.csv,less than 48 rows
SOUI2_SOUI.csv,less than 48 rows
SRabbelier_Netbeans.csv,pre-1970 dates
SSSD_sssd.csv,post-2020 dates
SSWConsulting_SSW.Rules.csv,less than 48 rows
SalarymanMunchkin_Revision-15186.csv,less than 48 rows
SalvationDevelopment_YGOCoreJS.csv,less than 48 rows
SamartPlus_dev.kub-24.ru.csv,less than 48 rows
Sami-5_team1.csv,less than 48 rows
Samsung_TAU.csv,less than 48 rows
Saqoosha_FLARToolKit.csv,pre-1970 dates
Selenium2_Selenium2.csv,zero rows
SirCmpwn_sway.csv,zero rows
SkillsFundingAgency_das-employer-levy.csv,less than 48 rows
SlimRoms_frameworks_slim.csv,less than 48 rows
SpringSource_spring-boot.csv,less than 48 rows
Stanford-Mobisocial-IoT-Lab_Sabrina.csv,less than 48 rows
Stevespear426_development.csv,zero rows
Stratio_Crossdata.csv,zero rows
Syn4ck_Radium.csv,less than 48 rows
TW-TMT_csw.csv,less than 48 rows
TYPO3-typo3org_ed_tv.csv,pre-1970 dates
TeamElite-Projects_android_kernel_huawei_hi6250.csv,zero rows
TelescopeJS_Telescope.csv,less than 48 rows
Testbono_FF.csv,less than 48 rows
TheCount_score.csv,less than 48 rows
Thinkful_streetfighter-starter.csv,less than 48 rows
Thunderoar_Latest_goyave_kernel.csv,zero rows
TizenChameleon_uifw-elementary.csv,less than 48 rows
TravelTripperWeb-DevSites_--ARCHIVED--demo10.csv,less than 48 rows
TravelTripperWeb-DevSites_web-227.csv,less than 48 rows
Treynis_ejbca.csv,pre-1970 dates
Tsoha_Tsoha-Bootstrap.csv,less than 48 rows
UM-USElab_GradeCraft.csv,less than 48 rows
UNINETT_nav.csv,zero rows
USGS-Astrogeology_isis3.csv,zero rows
Ultis_simulationcraft.csv,less than 48 rows
UniFormal_MMT.csv,pre-1970 dates
UnicornButter_device_asus_tilapia.csv,less than 48 rows
Universal-Electricity_Resonant-Induction.csv,zero rows
Vherid_Vh-Web.csv,less than 48 rows
VietOpenCPS_opencps.csv,less than 48 rows
VirtoCommerce_vc-storefront-core.csv,less than 48 rows
VirtualDisgrace_opencollar.csv,zero rows
Virtuworks_Websitepanel.csv,zero rows
WMJi_genn.csv,less than 48 rows
Webschool-io_be-mean-instagram.csv,less than 48 rows
Wenisatgithub_3pcc_scripts.csv,post-2020 dates
Whitehawkx_android_device_samsung_toroplus.csv,zero rows
Wikia_mediawiki-extensions-ContentTranslation.csv,less than 48 rows
Wikia_mobile.csv,less than 48 rows
WindowsAzure_azure-content.csv,less than 48 rows
WordImpress_Give.csv,less than 48 rows
WowDevTools_Noggit3.csv,zero rows
WycliffeAssociates_8woc.csv,less than 48 rows
XSCE_xsce.csv,pre-1970 dates
Xackery_eqquests.csv,zero rows
Xilinx_PYNQ.csv,pre-1970 dates
Yemasthui_basicBot-customization.csv,less than 48 rows
Yemasthui_basicBot.csv,less than 48 rows
YugaByte_yugabyte-db.csv,less than 48 rows
Zeneilton_site-novo.csv,less than 48 rows
a71993_MAK.csv,less than 48 rows
actix_actix.csv,less than 48 rows
adamwight_wikimedia-fundraising-crm-civicrm.csv,less than 48 rows
addhaloka_libsepol.csv,less than 48 rows
afadli_mcs_web.csv,zero rows
africanmathsinitiative_Instat.csv,less than 48 rows
airhorns_batman.csv,less than 48 rows
alanngh_MSlibp.csv,less than 48 rows
albanlv_flat.csv,less than 48 rows
alexandersimoes_dataviva.csv,less than 48 rows
alexandruchirita4192_MqlPersonal.csv,pre-1970 dates
alexinslc_hackusu.csv,less than 48 rows
alhadheri_cube.csv,less than 48 rows
alibaba_ice.csv,less than 48 rows
alibaba_weex.csv,less than 48 rows
alimon_configs.csv,less than 48 rows
aliowess_motd.csv,less than 48 rows
allanon_openkore.csv,less than 48 rows
allisson_work-at-olist.csv,zero rows
alphagov_govuk-developers.csv,zero rows
alphagov_redirector.csv,less than 48 rows
amplab_shark.csv,less than 48 rows
amtj_ign-transport.csv,less than 48 rows
anboia_BetaFeatures.csv,less than 48 rows
andocker_libandroid-emugl.csv,less than 48 rows
andreaswittig_showcar-ui.csv,less than 48 rows
andrew_24pullrequests.csv,less than 48 rows
andreydrebot_quiz-v2.csv,less than 48 rows
android-x86-mirror_device_generic_common.csv,less than 48 rows
angr_angr.csv,post-2020 dates
angular_angular.dart.csv,less than 48 rows
angular_angular.js.csv,pre-1970 dates
angular_material2.csv,less than 48 rows
anhptvolga_normalandcomp.csv,less than 48 rows
anker_ding.csv,less than 48 rows
ant-design_ant-design-pro.csv,less than 48 rows
antismash_antismash.csv,less than 48 rows
aosp_fugu.csv,less than 48 rows
apache_attic-aurora.csv,zero rows
apache_attic-ode.csv,zero rows
apache_incubator-geode.csv,less than 48 rows
apache_incubator-guacamole-server.csv,zero rows
apache_incubator-openwhisk.csv,less than 48 rows
apache_incubator-predictionio.csv,zero rows
apache_incubator-shardingsphere.csv,less than 48 rows
apache_incubator-skywalking.csv,less than 48 rows
apache_incubator-trafficcontrol.csv,less than 48 rows
apache_rocketmq.csv,less than 48 rows
apollographql_graphql-tools.csv,less than 48 rows
aporeto-inc_gaia.csv,less than 48 rows
appcelerator_titanium_desktop.csv,less than 48 rows
architecture-building-systems_CEAforArcGIS.csv,zero rows
archlinuxarm_PKGBUILDs.csv,post-2020 dates
arthurwolf_Smoothie.csv,less than 48 rows
arungirdhar2_mirrorTRY.csv,less than 48 rows
aseempatni_lollypop.csv,less than 48 rows
aspnet_benchmarks.csv,less than 48 rows
aswinwibisurya_magnolia-ui.csv,less than 48 rows
ataranto_CefSharp.csv,less than 48 rows
atolba_jrt.csv,less than 48 rows
atorre_power.csv,less than 48 rows
aumann_emfstore.core.csv,less than 48 rows
auto-wcag_auto-wcag.csv,less than 48 rows
avh4_khan-academy.csv,less than 48 rows
avontd2868_PowerBI-visuals.csv,less than 48 rows
awatson1978_meteor-cookbook.csv,less than 48 rows
ayntest_ayntest_game.csv,less than 48 rows
babble_babble.csv,less than 48 rows
baianat_vee-validate.csv,less than 48 rows
ballesterosam_search-guard.csv,less than 48 rows
baohaojun_repohooks.csv,less than 48 rows
batareich_tmp4.csv,less than 48 rows
bc-miko-ademagic_blankathon.csv,zero rows
bclermont_states.csv,less than 48 rows
beaulebens_keyring.csv,pre-1970 dates
bgerp_ef.csv,less than 48 rows
bheyser_qplskl.csv,pre-1970 dates
bikalabs_bika.lims.csv,zero rows
bikeindex_webapp.csv,less than 48 rows
bilderbuchi_test_ExternalMedia.csv,pre-1970 dates
biolab_orange2.csv,zero rows
bisz_docs.csv,less than 48 rows
bitbucket.org_18vctors_sii-52778.csv,less than 48 rows
bitbucket.org_annerong_ios-osx-common.csv,less than 48 rows
bitbucket.org_manjunath0902_prevail-b2c.csv,less than 48 rows
bitbucket.org_mintlab_pip.csv,less than 48 rows
bitfireAT_davdroid.csv,zero rows
bitlbee_bitlbee.csv,post-2020 dates
bitmakerlabs_switch-jquery-events.csv,less than 48 rows
bitshares_bitsharesjs.csv,less than 48 rows
bitsquare_bitsquare.csv,less than 48 rows
bkeepers_producingoss.csv,pre-1970 dates
bkmgit_megamol.csv,less than 48 rows
blobosco_biblioSECA.csv,pre-1970 dates
bootstraponline_droiddriver.csv,less than 48 rows
bornio_chorus.csv,less than 48 rows
boundlessgeo_GeoGit.csv,less than 48 rows
boxedice_sd-agent.csv,less than 48 rows
boxen_puppet-fonts.csv,less than 48 rows
boxerab_xnat.csv,less than 48 rows
bq_aquaris-5HD.csv,less than 48 rows
bq_aquaris-M10-FHD.csv,less than 48 rows
bq_aquaris-M8.csv,less than 48 rows
braph_dillo.csv,pre-1970 dates
brave_brave-browser.csv,less than 48 rows
breunigs_ingress-intel-total-conversion.csv,zero rows
bricodar_brico.csv,less than 48 rows
brightbyte_WikidataRepo.csv,less than 48 rows
brion_MobileFrontend.csv,less than 48 rows
brocaar_loraserver.csv,less than 48 rows
btholt_complete-intro-to-react.csv,less than 48 rows
btongminh_android_prebuilts_python.csv,less than 48 rows
budian_Android_SWT.csv,less than 48 rows
bw-oss_qca-rfs.csv,less than 48 rows
byteball_byteball.csv,less than 48 rows
cadyrov_oborot.csv,less than 48 rows
callemall_material-ui.csv,less than 48 rows
camcory_mako-kernel.csv,less than 48 rows
canonical-web-and-design_snapcraft.io.csv,less than 48 rows
caomw_meshlab-1.csv,less than 48 rows
carlos8f_zenbot.csv,less than 48 rows
castorini_Anserini.csv,less than 48 rows
catfi_supercell.csv,less than 48 rows
cbrun_org.eclipse.sirius.csv,less than 48 rows
cedardevs_psi.csv,less than 48 rows
ceolter_ag-grid.csv,less than 48 rows
cezerin_cezerin.csv,less than 48 rows
cgils_unix-history-repo.csv,pre-1970 dates
chagel_CNPROG.csv,less than 48 rows
chaos_ngrm.csv,less than 48 rows
chaos_slurm.csv,pre-1970 dates
cheah_multidex.csv,less than 48 rows
cheeray_Magnolia.csv,less than 48 rows
chenm001_thevc.csv,less than 48 rows
chiku-1436_ueba.csv,less than 48 rows
chocoteam_choco3.csv,less than 48 rows
cholmes_mapstory.csv,less than 48 rows
cityofsandiego_seaboard.csv,less than 48 rows
ckkashyap_linuxtoolsperf.csv,less than 48 rows
cl4r1ty_gkwebapp.csv,less than 48 rows
clarive_clarive.csv,less than 48 rows
cllr_ogre.csv,less than 48 rows
cloudcompare_trunk.csv,less than 48 rows
cloudfoundry-incubator_stratos.csv,less than 48 rows
cloudfoundry_vcap.csv,less than 48 rows
cmdrmcdonald_EliteDangerousDataProvider.csv,less than 48 rows
cmjonze_hg_hg.csv,zero rows
cocafe_L50t_Kernel_CoCore-L.csv,less than 48 rows
cocome-community-case-study_models.csv,pre-1970 dates
codeschool_HTMLPortfolioProject.csv,less than 48 rows
coijiryuna_XperiaC3.csv,less than 48 rows
collab-ui_collab-ui-core.csv,less than 48 rows
colmena_colmena-cms.csv,zero rows
combolek_gallery2.csv,pre-1970 dates
comfusion_after-dark.csv,less than 48 rows
common-workflow-language_workflows.csv,less than 48 rows
coreos_dex.csv,less than 48 rows
corngood_compiler-rt.csv,less than 48 rows
cquery-project_cquery.csv,less than 48 rows
crem33_EcoGENIE_LA.csv,less than 48 rows
crowdAI_crowdAI.csv,zero rows
cryptonomex_graphene.csv,less than 48 rows
cs2103-ay1819s2-w11-4_main.csv,zero rows
cyberFund_chaingear.csv,less than 48 rows
cybtron_AndroidMMSService.csv,less than 48 rows
cyclejs_core.csv,less than 48 rows
cyverse_DE.csv,less than 48 rows
dak_webview.csv,less than 48 rows
dan-nl_GWToolset.csv,less than 48 rows
darchstar_cm_device_samsung_msm8660-common.csv,less than 48 rows
darcyclarke_Front-end-Developer-Interview-Questions.csv,less than 48 rows
dart-lang_bleeding_edge.csv,less than 48 rows
datamapper_dm-more.csv,less than 48 rows
daveamato_proggy.csv,less than 48 rows
davidcxw_SAGE2.csv,less than 48 rows
dbloom_arctos.csv,less than 48 rows
dcd_checkpolicy.csv,less than 48 rows
dennybritz_deepdive.csv,less than 48 rows
derek-xu_sl4a.csv,less than 48 rows
derekeder_csv-to-html-table.csv,less than 48 rows
devart-by-google_devart-template.csv,less than 48 rows
developit_preact.csv,less than 48 rows
devilsansclue_ZendFramework.csv,less than 48 rows
dhx_tao-comp.csv,less than 48 rows
dhyannataraj_sim-im.csv,less than 48 rows
diazah_Test.csv,less than 48 rows
diegocedrim_argouml.csv,less than 48 rows
digimezzo_Dopamine.csv,less than 48 rows
digitalabs_BreedingManager.csv,less than 48 rows
digitalabs_Fieldbook.csv,less than 48 rows
digitalabs_IBPWorkbench.csv,less than 48 rows
diirt_util.csv,less than 48 rows
dijitalxyz_osKAM.csv,less than 48 rows
dirigeants_klasa.csv,less than 48 rows
dmgerman_lucern-solr-token.csv,less than 48 rows
dojo_docs.csv,post-2020 dates
dongikpark_contrail.csv,less than 48 rows
doomer0_prova.csv,less than 48 rows
doomspork_elixir-school.csv,less than 48 rows
dotnet_docfx.csv,pre-1970 dates
dotnet_format.csv,less than 48 rows
dotnet_performance.csv,less than 48 rows
dougm_hudson-plugins.csv,less than 48 rows
dpp_liftweb.csv,less than 48 rows
dreamsxin_chromium-src-chrome-browser.csv,less than 48 rows
dscho_hg.csv,pre-1970 dates
dsulli_SGT.csv,less than 48 rows
duckietown_Software.csv,pre-1970 dates
dukedylan_magic-lantern.csv,zero rows
e-government-ua_i.csv,zero rows
eXcomm_ring-client-macosx.csv,less than 48 rows
easydigitaldownloads_Easy-Digital-Downloads.csv,less than 48 rows
eclipse-archived_recommenders.csv,zero rows
eclipse_community.csv,zero rows
eclipse_gmp.graphiti.csv,less than 48 rows
eclipse_org.csv,zero rows
eclipse_rdf4j-storage.csv,less than 48 rows
eclipse_scout.sdk.csv,less than 48 rows
eclipse_stardust.ui.web.csv,less than 48 rows
edmondas_flyspray.csv,zero rows
edquist_panda-osg-packaging.csv,less than 48 rows
eegeo_mobile-example-app.csv,less than 48 rows
egovernments_eGov.csv,less than 48 rows
elcodi_elcodi.csv,less than 48 rows
elephone-dev_P9000-Kernel.csv,less than 48 rows
emaste_drm-subtree.csv,post-2020 dates
ember-learn_guides-source.csv,less than 48 rows
emberjs_guides.csv,less than 48 rows
emilianbold_nextbeans.csv,pre-1970 dates
engijs_engi.csv,less than 48 rows
enmand_sqlalchemy.csv,zero rows
enthought_enaml.csv,less than 48 rows
esphome_ESPHome-Docs.csv,less than 48 rows
eteubert_podlove.csv,less than 48 rows
eth-cscs_arbor.csv,less than 48 rows
ethereum_eth-rlp.csv,less than 48 rows
eucalyptus_eucaconsole.csv,less than 48 rows
exahype_exahype.csv,less than 48 rows
exercism_ember-experiment.csv,less than 48 rows
ezc_openpyxl.csv,less than 48 rows
ezephir_maxine.csv,zero rows
facebook_FBSimulatorControl.csv,less than 48 rows
facebook_nuclide.csv,less than 48 rows
fanch_nutyx-2009.csv,less than 48 rows
fanruan_swift-http.csv,less than 48 rows
fastai_fastai.csv,less than 48 rows
fchollet_keras.csv,less than 48 rows
fdervaux_sofa-framework.csv,less than 48 rows
fedorov_namic-sandbox.csv,pre-1970 dates
fharbe_unix-history-repo.csv,pre-1970 dates
filiatra_gismo.csv,less than 48 rows
flant_dapp.csv,less than 48 rows
flarum_core.csv,post-2020 dates
fle-internal_content-curation.csv,less than 48 rows
florentdupont_org.eclipse.papyrus-designer.csv,less than 48 rows
florincoras_odl-lfm.csv,less than 48 rows
flowtype_flow-typed.csv,less than 48 rows
flyeven_thinkshout.csv,less than 48 rows
forkch_ngUSD.csv,less than 48 rows
fossasia_open-event-orga-server.csv,less than 48 rows
francescomalatesta_laravel-api-boilerplate-jwt.csv,less than 48 rows
franhaufer_emu.csv,less than 48 rows
franx87_jd-browser.csv,less than 48 rows
freecharge_kpay.csv,less than 48 rows
freghar_mangos-svn.csv,less than 48 rows
froj_MAVRIC_Library.csv,less than 48 rows
fspiga_QE-GPU.csv,less than 48 rows
fuchsia-mirror_zircon.csv,less than 48 rows
ga-students_wdi-fundamentals-rps.csv,less than 48 rows
gaearon_overreacted.io.csv,less than 48 rows
garrynewman_garrysmod.csv,less than 48 rows
gasteve_node-libcoin.csv,less than 48 rows
gatzhamm_preCICE.csv,less than 48 rows
gchq_CyberChef.csv,less than 48 rows
gdk21_SFRA.csv,less than 48 rows
generike_linphone-sdk.csv,less than 48 rows
genome_dgi-db.csv,less than 48 rows
gentoo_graveyard.csv,less than 48 rows
geovas01_man4.csv,pre-1970 dates
getinsomnia_insomnia.csv,less than 48 rows
gg0_jenkins.d.n.csv,less than 48 rows
git.kernel.org_pub_scm_public-inbox_lists.infradead.org_linux-arm-kernel_0.csv,less than 48 rows
git.kernel.org_pub_scm_public-inbox_vger.kernel.org_linux-block_0.csv,post-2020 dates
git.kernel.org_pub_scm_public-inbox_vger.kernel.org_linux-fsdevel_0.csv,post-2020 dates
git.kernel.org_pub_scm_public-inbox_vger.kernel.org_linux-hwmon_0.csv,post-2020 dates
git.kernel.org_pub_scm_public-inbox_vger.kernel.org_linux-renesas-soc_0.csv,pre-1970 dates
git.kernel.org_pub_scm_public-inbox_vger.kernel.org_lkml_0.csv,less than 48 rows
git.kernel.org_pub_scm_public-inbox_vger.kernel.org_lkml_1.csv,less than 48 rows
git.kernel.org_pub_scm_public-inbox_vger.kernel.org_lkml_2.csv,less than 48 rows
git.kernel.org_pub_scm_public-inbox_vger.kernel.org_lkml_3.csv,less than 48 rows
git.kernel.org_pub_scm_public-inbox_vger.kernel.org_lkml_4.csv,less than 48 rows
git.kernel.org_pub_scm_public-inbox_vger.kernel.org_lkml_6.csv,less than 48 rows
git.kernel.org_pub_scm_public-inbox_vger.kernel.org_lkml_7.csv,post-2020 dates
git.kernel.org_pub_scm_public-inbox_vger.kernel.org_netdev_0.csv,less than 48 rows
github_game-off-2013.csv,less than 48 rows
github_game-off-2016.csv,less than 48 rows
gititst_gitit37.csv,less than 48 rows
gitlab.com_AlexSmirnov_runbooks.csv,less than 48 rows
gitlab.com_aosp_test_external_adt-infra.csv,less than 48 rows
gitlab.com_quicla_platform_vendor_google_tradefederation_git.csv,less than 48 rows
gitorious.org_netbeans_main-silver.csv,pre-1970 dates
gitorious.org_phonon.csv,less than 48 rows
gitorious.org_uls_uls.csv,less than 48 rows
gobuffalo_buffalo.csv,less than 48 rows
googlehosts_hosts.csv,less than 48 rows
graphlab-code_graphlab.csv,less than 48 rows
grazelda_Optima.csv,less than 48 rows
greg2ndQuadrant_repmgr.csv,less than 48 rows
gregghz_Watcher.csv,less than 48 rows
hafidzduddin_samsung_codina_kernel.csv,less than 48 rows
halorgium_capistrano.csv,less than 48 rows
hankching_n560a.csv,less than 48 rows
hanlabMTU_applications.csv,less than 48 rows
hashar_MediaWiki-CodeSniffer.csv,less than 48 rows
hashar_mwext-TranslationNotifications.csv,less than 48 rows
hbdgr_antinet.csv,less than 48 rows
hckkid_eTrice.csv,less than 48 rows
hdzz_autowiring.csv,less than 48 rows
heptio_ark.csv,less than 48 rows
heroku_heroku-buildpack-hello.csv,less than 48 rows
hexojs_hexo.csv,post-2020 dates
hfye_ArkCase.csv,less than 48 rows
hiiq_sandbox.csv,less than 48 rows
hispin_dhis-core-trunk.csv,less than 48 rows
hizni_samples.csv,less than 48 rows
hobinjk_device-qcom-msm8610.csv,less than 48 rows
hohosky_tech-core.csv,less than 48 rows
hpfem_hermes-legacy.csv,less than 48 rows
humberos_dragon.csv,less than 48 rows
hydrabolt_discord.js.csv,less than 48 rows
iExecBlockchainComputing_PoCo.csv,less than 48 rows
iTXTech_Genisys.csv,less than 48 rows
iaefai_love.csv,less than 48 rows
ibab_lhcb-physics.csv,zero rows
ibab_lhcbsoft.csv,less than 48 rows
icpda_panda.csv,less than 48 rows
ics-aurora.csv,less than 48 rows
idrc_InputMethodCommon.csv,less than 48 rows
imbur_EIQ-LS-dev.csv,less than 48 rows
imclab_serviced.csv,less than 48 rows
implydata_pivot.csv,less than 48 rows
inera-webcert.csv,less than 48 rows
infernuslord_Cryptool2.csv,pre-1970 dates
ingbrzy_MA-XML-8.0-SPANISH.csv,less than 48 rows
inter6_meveo.csv,less than 48 rows
itesla_ipst.csv,less than 48 rows
izyk_vtiger.csv,less than 48 rows
j-wyllie_DBMS.csv,less than 48 rows
jaagr_polybar.csv,less than 48 rows
jadonk_arago.csv,less than 48 rows
jaisi_Chatty.csv,less than 48 rows
jake-101_bael-template.csv,less than 48 rows
jamesdcarroll_open-am.csv,pre-1970 dates
jarsonfang_test-definitions.csv,less than 48 rows
jb3-2_indikatoren.csv,less than 48 rows
jbossws_jbossws-spi.csv,pre-1970 dates
jcjohnson_torch-rnn.csv,less than 48 rows
jcprelim_course.csv,less than 48 rows
jddebruin_taxihail.csv,zero rows
jdlrobson_Minerva-Submodule-POC.csv,less than 48 rows
jdownloader-mirror_jdownloader.csv,pre-1970 dates
jeveleth_fhir-stress-test.csv,less than 48 rows
jgraph_draw.io.csv,less than 48 rows
jim.severino_meat.csv,less than 48 rows
jjonphl_project.net.csv,pre-1970 dates
jlost_MITgcm.csv,less than 48 rows
jmontoyaa_chamilo.csv,zero rows
joelai85_seattle.csv,pre-1970 dates
joelbrock_PFC_CORE.csv,less than 48 rows
jogo_elasticRecheck.csv,less than 48 rows
johan--_tahi.csv,less than 48 rows
johanvdw_osgeolive-git-mirror.csv,zero rows
johngunderman_Sorbet.csv,less than 48 rows
joker-eph_clangllvm.csv,pre-1970 dates
jonahgraham_org.eclipse.ease.core.csv,less than 48 rows
jordanms_DOP.csv,less than 48 rows
jphacks_TK_1807.csv,less than 48 rows
jplesot_jack.csv,less than 48 rows
jrus_sqlalchemy.csv,less than 48 rows
jsturdy_gem-daq-code.csv,less than 48 rows
judy_crabgrass.csv,less than 48 rows
jupyterhub_jupyterhub-deploy-docker.csv,less than 48 rows
jwilm_alacritty.csv,less than 48 rows
jwise77_xdr.csv,less than 48 rows
k-int_ole-1.5.3.csv,pre-1970 dates
kadevgraaf_hackathon.csv,less than 48 rows
kamyu104_LeetCode.csv,less than 48 rows
kasbah_micromanager.csv,pre-1970 dates
kata-containers_runtime.csv,less than 48 rows
kazirahiv_yo.csv,less than 48 rows
kebot_moin2.csv,less than 48 rows
kekss_core.csv,less than 48 rows
keratin_authn-server.csv,less than 48 rows
kernelslacker_trinity.csv,post-2020 dates
kidaa_pharogenesis.csv,less than 48 rows
kistaparapu_anji.csv,pre-1970 dates
kkarolk_tests.csv,zero rows
kkltcjk_1026.csv,less than 48 rows
klas212_olin-sail-bot.csv,less than 48 rows
koding_global.hackathon.csv,less than 48 rows
kohsah_bungeni-wiki.csv,less than 48 rows
kozmikkick_eternityprj-kernel-endeavoru-128.csv,less than 48 rows
krik16_privateService.csv,post-2020 dates
ksrt12_msm7627a.csv,less than 48 rows
kuali_kc-s2s-legacy.csv,pre-1970 dates
kubernetes_apiserver.csv,less than 48 rows
kusl_vlcwinrt.csv,less than 48 rows
kypse_orthanc.csv,less than 48 rows
lbryio_lbry-app.csv,less than 48 rows
lbryio_lbry.io.csv,less than 48 rows
leahneukirchen_sabotage.csv,zero rows
lean-poker_poker-player-cpp.csv,less than 48 rows
lean_phaser-es6-webpack.csv,less than 48 rows
learn-co-students_alphabetize-in-esperanto-london-web-060418.csv,less than 48 rows
learn-co-students_array-methods-lab-london-web-career-040119.csv,less than 48 rows
learn-co-students_building-nested-hashes-london-web-career-040119.csv,less than 48 rows
learn-co-students_css-manifests-lab-v-000.csv,less than 48 rows
learn-co-students_diy-json-serializer-lab-v-000.csv,less than 48 rows
learn-co-students_document-structure-lab-dc-fe-082718.csv,less than 48 rows
learn-co-students_exiting-loops-lab-cb-000.csv,less than 48 rows
learn-co-students_git-basics-mod-remotes-lab-london-fe-skills-110518.csv,less than 48 rows
learn-co-students_git-flow-dumbo-web-042318.csv,less than 48 rows
learn-co-students_js-ajax-ajax-and-callbacks-lab-re-coded-erbil-2018.csv,less than 48 rows
learn-co-students_js-ajax-fetch-lab-re-coded-erbil-2018.csv,less than 48 rows
learn-co-students_js-ajax-hitting-apis-lab-re-coded-erbil-2018.csv,less than 48 rows
learn-co-students_js-data-structures-arrays-lab-nyc-web-career-021819.csv,less than 48 rows
learn-co-students_js-templates-advanced-templating-lab-re-coded-erbil-2018.csv,less than 48 rows
learn-co-students_js-templates-template-engines-lab-re-coded-erbil-2018.csv,less than 48 rows
learn-co-students_kwk-l1-ruby-class-variables-and-class-methods-lab-kwk-students-l1-dfw-070918.csv,less than 48 rows
learn-co-students_kwk-l1-sinatra-basic-routes-lab-kwk-students-l1-dfw-070918.csv,less than 48 rows
learn-co-students_kwk-l1-sinatra-basic-views-lab-kwk-students-l1-dfw-070918.csv,less than 48 rows
learn-co-students_kwk-l1-sinatra-dynamic-routes-codealong-kwk-students-l1-dfw-070918.csv,less than 48 rows
learn-co-students_kwk-l1-sinatra-dynamic-routes-lab-kwk-students-l1-dfw-070918.csv,less than 48 rows
learn-co-students_kwk-l1-sinatra-hello-world-basics-kwk-students-l1-dfw-070918.csv,less than 48 rows
learn-co-students_kwk-l1-sinatra-shotgun-server-kwk-students-l1-dfw-070918.csv,less than 48 rows
learn-co-students_kwk-l1-sinatra-view-and-controller-readme-walkthrough-kwk-students-l1-seattle-072318.csv,less than 48 rows
learn-co-students_learn-deploy-on-day-one-v-000.csv,less than 48 rows
learn-co-students_looping-break-gets-london-web-career-040119.csv,less than 48 rows
learn-co-students_looping-for-london-web-career-040119.csv,less than 48 rows
learn-co-students_looping-times-london-web-career-040119.csv,less than 48 rows
learn-co-students_oo-meowing-cat-london-web-career-040119.csv,less than 48 rows
learn-co-students_partial-locals-lab-v-000.csv,less than 48 rows
learn-co-students_rails-amusement-park-web-0217.csv,less than 48 rows
learn-co-students_react-component-mounting-and-unmounting-lab-re-coded-erbil-2018.csv,less than 48 rows
learn-co-students_react-container-components-lab-re-coded-erbil-2018.csv,less than 48 rows
learn-co-students_react-event-system-lab-re-coded-erbil-2018.csv,less than 48 rows
learn-co-students_react-events-in-detail-lab-re-coded-erbil-2018.csv,less than 48 rows
learn-co-students_react-forms-lab-re-coded-erbil-2018.csv,less than 48 rows
learn-co-students_react-forms-re-coded-erbil-2018.csv,less than 48 rows
learn-co-students_react-initial-state-lab-re-coded-erbil-2018.csv,less than 48 rows
learn-co-students_react-presentation-components-lab-re-coded-erbil-2018.csv,less than 48 rows
learn-co-students_react-updating-state-lab-re-coded-erbil-2018.csv,less than 48 rows
learn-co-students_react-updating-state-re-coded-erbil-2018.csv,less than 48 rows
learn-co-students_ruby-collaborating-objects-lab-v-000.csv,less than 48 rows
learn-co-students_sinatra-views-lab-nyc-web-career-021819.csv,less than 48 rows
learn-co-students_text-formatting-lab-dc-fe-082718.csv,less than 48 rows
legoktm_tools-ci.csv,less than 48 rows
leigh123linux_xine-lib-1.2.csv,post-2020 dates
lemna_decomp.csv,less than 48 rows
leobueno_whack.csv,pre-1970 dates
lesthaeghet_mm-micromanager.csv,pre-1970 dates
lewagon_fullstack-challenges.csv,less than 48 rows
lexical_unity2d.csv,less than 48 rows
lexlib_code-civil.csv,pre-1970 dates
lexlib_code-civil.csv,post-2020 dates
lexlib_code-de-commerce.csv,post-2020 dates
lexlib_code-de-l-action-sociale-et-des-familles.csv,post-2020 dates
lexlib_code-de-l-aviation-civile.csv,pre-1970 dates
lexlib_code-de-l-education.csv,post-2020 dates
lexlib_code-de-l-environnement.csv,post-2020 dates
lexlib_code-de-l-organisation-judiciaire.csv,post-2020 dates
lexlib_code-de-l-urbanisme.csv,post-2020 dates
lexlib_code-de-la-consommation.csv,post-2020 dates
lexlib_code-de-la-construction-et-de-l-habitation.csv,post-2020 dates
lexlib_code-de-la-defense.csv,post-2020 dates
lexlib_code-de-la-route.csv,post-2020 dates
lexlib_code-de-la-sante-publique.csv,pre-1970 dates
lexlib_code-de-la-sante-publique.csv,post-2020 dates
lexlib_code-de-la-securite-sociale.csv,pre-1970 dates
lexlib_code-de-la-securite-sociale.csv,post-2020 dates
lexlib_code-de-procedure-penale.csv,pre-1970 dates
lexlib_code-de-procedure-penale.csv,post-2020 dates
lexlib_code-des-assurances.csv,post-2020 dates
lexlib_code-des-douanes.csv,pre-1970 dates
lexlib_code-des-douanes.csv,post-2020 dates
lexlib_code-des-pensions-militaires-d-invalidite-et-des-victimes-de-guerre.csv,less than 48 rows
lexlib_code-des-postes-et-des-communications-electroniques.csv,pre-1970 dates
lexlib_code-des-postes-et-des-communications-electroniques.csv,post-2020 dates
lexlib_code-du-sport.csv,post-2020 dates
lexlib_code-du-travail.csv,post-2020 dates
lexlib_code-electoral.csv,pre-1970 dates
lexlib_code-electoral.csv,post-2020 dates
lexlib_code-general-des-collectivites-territoriales.csv,post-2020 dates
lexlib_code-general-des-impots-annexe-2.csv,pre-1970 dates
lexlib_code-general-des-impots-annexe-3.csv,pre-1970 dates
lexlib_code-general-des-impots.csv,pre-1970 dates
lexlib_code-general-des-impots.csv,post-2020 dates
lexlib_code-monetaire-et-financier.csv,post-2020 dates
lexlib_code-rural-nouveau.csv,post-2020 dates
lexlib_livre-des-procedures-fiscales.csv,pre-1970 dates
lexlib_livre-des-procedures-fiscales.csv,post-2020 dates
lfany_hg.csv,pre-1970 dates
lighthouse-labs_jungle-rails.csv,less than 48 rows
lighthouse-labs_laser_shark.csv,less than 48 rows
linkedin_WhereHows.csv,less than 48 rows
linux-ha-japan_pm_diskd.csv,less than 48 rows
linux-mailinglist-archives_linux-kernel.vger.kernel.org.0.csv,post-2020 dates
littlevgl_lvgl.csv,less than 48 rows
liuguofei_monitor.csv,pre-1970 dates
liupengyuan_Homework.csv,less than 48 rows
llangs_gerrit-ci-scripts.csv,less than 48 rows
lll-project_libcxx.csv,less than 48 rows
llrs_STATegRa.csv,less than 48 rows
lmorillas_Cargo.csv,less than 48 rows
localprojects_Change-By-Us.csv,less than 48 rows
love2d_love-old.csv,zero rows
love320_terracotta.csv,pre-1970 dates
loveyoupeng_rt.csv,less than 48 rows
ls1intum_ArTEMiS.csv,less than 48 rows
lsst_firefly.csv,less than 48 rows
ltsp_ltsp.csv,less than 48 rows
lumifyio_lumify.csv,less than 48 rows
luminopolis_neighborly.csv,less than 48 rows
lvoege_lvrouted.csv,pre-1970 dates
mF2C_COMPSs.csv,less than 48 rows
ma4u_pd-macambira.csv,less than 48 rows
madhephaestus_BowlerStudioConfiguration.csv,less than 48 rows
maellak_openeclass.csv,less than 48 rows
makinacorpus_Geotrek.csv,less than 48 rows
mallocnode_WebClient.csv,less than 48 rows
manastech_crystal.csv,less than 48 rows
marcodeltutto_UBXSec.csv,less than 48 rows
marijnotte_integrated.csv,less than 48 rows
martijn-heil_9front.csv,pre-1970 dates
martyr-deepin_dde-workspace.csv,less than 48 rows
mascarenhas_alien.csv,pre-1970 dates
matrix-org_matrix-ios-console.csv,less than 48 rows
mattl_fm.csv,less than 48 rows
mbruker_Cockatrice.csv,zero rows
mbunkus_mkvtoolnix.csv,less than 48 rows
mcnamee_react-native-starter-app.csv,less than 48 rows
mcortez_opensim.csv,less than 48 rows
megane9988_GitBook-GitHub-Demo2018-10-12.csv,less than 48 rows
mendersoftware_useradm.csv,less than 48 rows
metasmile_chromium_ios.csv,less than 48 rows
meter_shifts.csv,less than 48 rows
meus_l10n.csv,less than 48 rows
mff-uk_ODCS.csv,less than 48 rows
mgechev_angular2-seed.csv,less than 48 rows
micro-manager_micro-manager.csv,pre-1970 dates
microsoft_AirSim.csv,less than 48 rows
microsoft_terminal.csv,less than 48 rows
mikeymckay_egra.csv,less than 48 rows
mindis_constellio.csv,less than 48 rows
minhker_J730G.csv,less than 48 rows
minio_minio.csv,post-2020 dates
ministryofjustice_crime-billing-online.csv,less than 48 rows
ministryofjustice_dw-mvc.csv,less than 48 rows
mirror_jdownloader.csv,pre-1970 dates
mitls_mitls-fstar.csv,less than 48 rows
mkumatag_openbmc-automation.csv,less than 48 rows
mlflow_mlflow.csv,less than 48 rows
mlpack_mlpack.csv,pre-1970 dates
mm3_ring-client-gnome.csv,less than 48 rows
mongodb_mongo-go-driver.csv,less than 48 rows
morgolon_glife.csv,zero rows
morthlee_forte.csv,less than 48 rows
mountetna_etna.csv,less than 48 rows
mozilla-l10n_android-l10n.csv,less than 48 rows
mozilla-releng_treescript.csv,less than 48 rows
mozilla_DeepSpeech.csv,less than 48 rows
mozilla_activity-stream.csv,less than 48 rows
mozilla_bugbug.csv,less than 48 rows
mozilla_build-tools.csv,pre-1970 dates
mozilla_gecko-dev.csv,pre-1970 dates
mozilla_hubs.csv,less than 48 rows
mozilla_testpilot.csv,pre-1970 dates
mozilla_ubiquity.csv,pre-1970 dates
mr-yamraj_Messengerbot.csv,less than 48 rows
msp-games_comp.csv,less than 48 rows
mspublic_openair4G-mirror.csv,pre-1970 dates
msund_plotly.github.io.csv,less than 48 rows
msyinmei_reproducible-notes.csv,less than 48 rows
mulesoft_mulesoft-docs.csv,less than 48 rows
mwanner_monotone.csv,pre-1970 dates
myui_hivemall.csv,less than 48 rows
mz026_universal-redux-template.csv,less than 48 rows
n0ano_gantt.csv,less than 48 rows
n0ano_ganttclient.csv,less than 48 rows
nafur_carl.csv,less than 48 rows
ned-code_FTT.csv,less than 48 rows
neighborhoodhacker_android_device_samsung_ancora-tmo.csv,less than 48 rows
neilb_UR.csv,less than 48 rows
nemomobile_libmeegotouch.csv,less than 48 rows
neomutt_neomutt.csv,pre-1970 dates
nf-core_sarek.csv,less than 48 rows
nforge_yobi.csv,less than 48 rows
nfs-ganesha_nfs-ganesha.csv,post-2020 dates
ngriffin7a_icefaces4-trunk.csv,pre-1970 dates
nickbe_Dime.csv,less than 48 rows
niedfelj_E-Commerce.csv,less than 48 rows
nifadyev_Development-Tools-Practice.csv,less than 48 rows
nikrou_dc.csv,less than 48 rows
nmap_nmap.csv,pre-1970 dates
npe9_plan9.csv,pre-1970 dates
nschloe_dolfin.csv,zero rows
nschloe_gmsh.csv,pre-1970 dates
nturaga_manifest.csv,less than 48 rows
"numStars,NumAuthors,NumBlobs,LatestCommitDate,projectID,EarlistCommitDate,rootFork,communitySize,NumCommits,NumFiles.csv",zero rows
numbnet_icesoft.csv,pre-1970 dates
nus-cs2103_website.csv,less than 48 rows
nuxd_ElMaven.csv,less than 48 rows
nuxt_docs.csv,less than 48 rows
nvaccess_scons.csv,pre-1970 dates
nwaweru_idea.csv,less than 48 rows
nyurik_mediawiki-map-ext.csv,less than 48 rows
nz_heroku-docs.csv,less than 48 rows
oVirt_ovirt-engine.csv,post-2020 dates
oasp_ts-merger.csv,less than 48 rows
oetiker_Cropper.csv,pre-1970 dates
omnipay_omnipay.csv,less than 48 rows
omunroe-com_cl9ne.csv,less than 48 rows
omunroe-com_gerrihmpg.csv,less than 48 rows
onano_sensors.csv,less than 48 rows
ookk3388_jdk8u_jfx.csv,less than 48 rows
ooniversity_ooniversity_django_courses_03.csv,less than 48 rows
ooyala_ios-skin.csv,less than 48 rows
open-app_cobudget.csv,less than 48 rows
open-classifieds_openclassifieds2.csv,less than 48 rows
open-forcefield-group_smarty.csv,less than 48 rows
open-orchestra_open-orchestra-cms-bundle.csv,less than 48 rows
openai_gym-soccer.csv,less than 48 rows
opencollective_opencollective-frontend.csv,less than 48 rows
opencsw_pkg-all.csv,less than 48 rows
opendns_dnscrypt-proxy.csv,less than 48 rows
openfoodfacts_OpenFoodFacts-androidApp.csv,less than 48 rows
openmole_openmole.csv,post-2020 dates
openshift_ocp-build-data.csv,less than 48 rows
openstack-atlas_atlas-lb.csv,less than 48 rows
openstack_openstack-helm.csv,less than 48 rows
opesci_devito.csv,less than 48 rows
os2git_documentbroker.csv,pre-1970 dates
ospray_OSPRay.csv,less than 48 rows
ostroproject_ostro-os.csv,post-2020 dates
osvx_dahdi-tools.csv,less than 48 rows
owncloudarchive_documents.csv,less than 48 rows
pabi2_pb2_pabi.csv,less than 48 rows
pagekite_Mailpile.csv,less than 48 rows
palantir_http-remoting.csv,less than 48 rows
panyang_MyJobs.csv,less than 48 rows
paritytech_parity.csv,less than 48 rows
patcito_shapado.csv,less than 48 rows
pattern-lab_edition-node-gulp.csv,less than 48 rows
patternfly_patternfly-react.csv,less than 48 rows
pawohl_studip.csv,pre-1970 dates
pc494_demo.csv,less than 48 rows
pcbsd_pcbsd.csv,less than 48 rows
pdulth_cp.csv,less than 48 rows
philsturgeon_phpdoc-en.csv,zero rows
picoCTF_picoCTF-Platform-1.csv,less than 48 rows
pingcap_tikv.csv,less than 48 rows
pingpong-labs_modules.csv,less than 48 rows
pinterest_gestalt.csv,less than 48 rows
piyawad_test1.csv,pre-1970 dates
pka_qgis.csv,less than 48 rows
platzi_marca.csv,less than 48 rows
pojome_elementor.csv,less than 48 rows
poldy79_site-ffs.csv,less than 48 rows
pombreda_lukeshu-parabola-repo.csv,less than 48 rows
potassco_ASPmDL.csv,pre-1970 dates
ppbao_Emby.AndroidTv.csv,less than 48 rows
prettier_prettier.csv,less than 48 rows
psy-q_leihs.csv,pre-1970 dates
ptuteam_quiz.csv,less than 48 rows
qarkly_drools.csv,less than 48 rows
qdouble_angular-webpack-starter.csv,less than 48 rows
qed42_nodejs-express-mongoose-demo.csv,less than 48 rows
qooxdoo_qooxdoo.csv,pre-1970 dates
quartz-scheduler_quartz.csv,pre-1970 dates
quimnuss_ros_iri_wam.csv,pre-1970 dates
rackerlabs_simpl.csv,less than 48 rows
radareorg_radare2-regressions.csv,zero rows
rah007_Osdag.csv,less than 48 rows
rails_acts_as_tree.csv,less than 48 rows
ralic_apache-netcat.csv,pre-1970 dates
rapla.csv,less than 48 rows
rashadkm_grass_svn.csv,less than 48 rows
rayjim_boost.csv,pre-1970 dates
raytapan_mgm-ice-R22.csv,pre-1970 dates
rduwal68_project.csv,less than 48 rows
react-community_react-native-maps.csv,less than 48 rows
react-native-training_react-native-elements.csv,less than 48 rows
react-navigation_react-navigation.csv,less than 48 rows
reactjs_redux.csv,less than 48 rows
readium_Readium-skia-include.csv,less than 48 rows
relevance_clojurescript.csv,zero rows
repo.or.cz_hl.csv,less than 48 rows
resin-io_etcher.csv,less than 48 rows
revbayes_revbayes.archive.csv,zero rows
rgorosito_ejbca.csv,pre-1970 dates
rickinator9_WTWSMS.csv,less than 48 rows
rjnienaber_quorum-ci.csv,less than 48 rows
rksm_flatn.csv,less than 48 rows
rndbit_panda3d.csv,zero rows
robertorosero_pyhtonmig.csv,pre-1970 dates
robrik_Stardust.csv,less than 48 rows
robson-alecio_sneer.csv,zero rows
rogerwang_openssl.csv,less than 48 rows
roodbuild_quark.csv,less than 48 rows
rossinelli_CTC.csv,less than 48 rows
roytest001_PythonCode.csv,less than 48 rows
rtCamp_easyengine.csv,less than 48 rows
ruby-hyperloop_hyper-react.csv,less than 48 rows
runt18_integration-jenkins.csv,less than 48 rows
runt18_mediawiki-extensions-GoogleLogin.csv,less than 48 rows
runt18_mediawiki-extensions-OAuth.csv,less than 48 rows
ryanchristopherwong8_drinkup.csv,less than 48 rows
ryancollier_uxisfun.csv,less than 48 rows
s-andrews_BamQC.csv,less than 48 rows
saasbook_hw3_rottenpotatoes.csv,less than 48 rows
saby_Controls.csv,less than 48 rows
saedaA_-.csv,less than 48 rows
saeshyl_ProjectAxiumDeprecated.csv,zero rows
sakaicontrib_certification.csv,pre-1970 dates
sakura-editor_sakura.csv,pre-1970 dates
salsa.debian.org_pkg-k5-afs_krb5.csv,pre-1970 dates
sandsmedia_zf.csv,less than 48 rows
santhoshtr_cxserver.csv,less than 48 rows
saper_Scholarships.csv,less than 48 rows
saracope_open-gsa.csv,less than 48 rows
sasw_aaa.csv,less than 48 rows
sasw_bgpcep.csv,less than 48 rows
sasw_dlux.csv,less than 48 rows
sasw_opflex.csv,less than 48 rows
sasw_snmp4sdn.csv,less than 48 rows
sauce-archives_tradefed.csv,zero rows
sayeed99_libmix.csv,zero rows
sbcorporate_content-player.csv,less than 48 rows
scality_S3.csv,less than 48 rows
scotch-io_scotch-box.csv,less than 48 rows
sdmo0_avr.csv,less than 48 rows
sdugit_Galaxy4_7025.csv,less than 48 rows
sdugit_SpeechRecorder_7025.csv,less than 48 rows
sdugit_antlr_7025.csv,less than 48 rows
sdugit_mockwebserver_7025.csv,less than 48 rows
sdugit_opencv_7025.csv,less than 48 rows
sebastianrahtz_Stylesheets.csv,zero rows
seco_nodemcu-custom-build.csv,less than 48 rows
segment-boneyard_analytics.js-integrations.csv,less than 48 rows
selective-inference_merged.csv,less than 48 rows
selichter_my-little-rainbow-v-000.csv,less than 48 rows
senai-fatesg_sage.csv,less than 48 rows
servicecatalog_development.csv,less than 48 rows
shadow-robot_denso.csv,less than 48 rows
shah148_test.csv,less than 48 rows
share_ShareJS.csv,less than 48 rows
sharedferret_SparkleBot.csv,less than 48 rows
sharetribe_sharetribe.csv,post-2020 dates
shijieshangzuimeidenvren_shijieshangzuimeidenvren.github.io.csv,less than 48 rows
shippableSamples_sample_node.csv,less than 48 rows
silverbulleters_vanessa-behavior.csv,less than 48 rows
sinmx_webmlive.csv,less than 48 rows
sktjdgns1189_android_device_samsung_lentislte-common.csv,less than 48 rows
slagle_instack-undercloud.csv,less than 48 rows
slamdata_slamengine.csv,less than 48 rows
smend_sphere-jvm-sdk.csv,less than 48 rows
smidget_openshapa.csv,less than 48 rows
snapcrafters_fork-and-rename-me.csv,less than 48 rows
snuspl_nemo.csv,less than 48 rows
somechris_demo.csv,less than 48 rows
sotty_ISAAC.csv,less than 48 rows
sourcemage_grimoire.csv,post-2020 dates
sr_cbk.csv,less than 48 rows
sridhar1234_SalesConnect.csv,less than 48 rows
ssrg-vt_isabelle_para.csv,less than 48 rows
stackforge_cloudcafe.csv,less than 48 rows
stackforge_fuel-docs.csv,less than 48 rows
starseeker_git_conv_test.csv,pre-1970 dates
stefanpenner_ember-app-kit.csv,less than 48 rows
student-t_sadss.csv,less than 48 rows
studygolang_GCTT.csv,less than 48 rows
stuycs-softdev-2014-2015_submissions-fall-2014.csv,less than 48 rows
subpoprecords_ey-cloud-recipes.csv,zero rows
sugarmanz_ctypeslib.csv,pre-1970 dates
supergiant_supergiant.csv,less than 48 rows
svn2875_jd.csv,pre-1970 dates
svn2github_jmodelica.csv,pre-1970 dates
svs_misfit.csv,less than 48 rows
sylabs_singularity.csv,less than 48 rows
synfig_synfig.csv,pre-1970 dates
syuu1228_openbsd-src.csv,less than 48 rows
tabler_tabler.csv,less than 48 rows
tairik_bemo.csv,less than 48 rows
taiwen_pi.csv,less than 48 rows
teco-kit_dpwsGW.csv,pre-1970 dates
telusdigital_tds.csv,less than 48 rows
tensorflow_magenta.csv,less than 48 rows
texasbruce_fetchmail.csv,zero rows
tezos_tezos.csv,less than 48 rows
tfmalt_bqs.csv,less than 48 rows
tgulati_AttackSimulator.csv,less than 48 rows
thiswebzhangyong_UnrealEngine.csv,zero rows
thnam_AlcapDAQ.csv,less than 48 rows
thofma_hecke.csv,less than 48 rows
thypon_kdegames.csv,zero rows
timboudreau_netbeans-contrib.csv,pre-1970 dates
tj_jade.csv,zero rows
toci-dev_toci.csv,less than 48 rows
tomabadaniel_SORMAS.csv,less than 48 rows
tomastrajan_angular-ngrx-material-starter.csv,less than 48 rows
tonymorris_course.csv,less than 48 rows
topcoder-platform_tc-website.csv,pre-1970 dates
topjohnwu_magisk-module-installer.csv,less than 48 rows
tractdb_web-tractdb.csv,less than 48 rows
tripit_slate.csv,less than 48 rows
tronprotocol_java-tron.csv,less than 48 rows
trungx_woocommerce-services.csv,less than 48 rows
ts468_privseams.csv,post-2020 dates
tue-robotics_image_recognition.csv,less than 48 rows
tw-msf_dhis2-chrome.csv,less than 48 rows
twarne_terracotta.csv,pre-1970 dates
twbs_bootstrap.csv,pre-1970 dates
twitter_heron.csv,less than 48 rows
twosigma_beaker-notebook.csv,less than 48 rows
typicode_demo.csv,less than 48 rows
tyrbo_ruby-submissions.csv,less than 48 rows
uber_deck.gl.csv,less than 48 rows
uber_tchannel.csv,less than 48 rows
ucbrise_clipper.csv,less than 48 rows
udacity_CarND-LaneLines-P1.csv,less than 48 rows
udacity_mws-restaurant-stage-1.csv,less than 48 rows
udacity_ud036_StarterCode.csv,less than 48 rows
uhafner_warnings-ng-plugin.csv,zero rows
ulyssesrr_carmen_lcad.csv,less than 48 rows
unicef_etools-t2f.csv,less than 48 rows
unirgy_buckyball.csv,less than 48 rows
ut7_twinejs.csv,less than 48 rows
valor-software_ng2-bootstrap.csv,less than 48 rows
vbawol_DayZ-Epoch.csv,less than 48 rows
vchong_vts.csv,less than 48 rows
vicobill_vkdarkmod.csv,pre-1970 dates
videolan_vlc.csv,pre-1970 dates
vikhyat_hummingbird.csv,less than 48 rows
vikingeducation_danebook.csv,less than 48 rows
viljamis_vue-design-system.csv,less than 48 rows
vinxue_avb.csv,less than 48 rows
vipshop_vjtools.csv,less than 48 rows
vlaskine_snark.csv,less than 48 rows
vmware_xenon.csv,less than 48 rows
void-linux_void-packages.csv,post-2020 dates
volumio_Volumio2.csv,pre-1970 dates
wKite_zun.csv,less than 48 rows
way2sukh_Ehcache2.csv,pre-1970 dates
wch_r-source.csv,pre-1970 dates
wcm-io_wcm-io.csv,less than 48 rows
weaveworks_cortex.csv,less than 48 rows
webpy_webpy.csv,pre-1970 dates
weingart_OpenBSD-src.csv,zero rows
wikimedia_Equivset.csv,less than 48 rows
wireapp_zmc-ziphy.csv,less than 48 rows
woochica_trachacks.csv,zero rows
wvlet_log.csv,less than 48 rows
wxq_dde-dock.csv,less than 48 rows
xVir_apiai-python-webhook.csv,less than 48 rows
xbsv.csv,less than 48 rows
xin3liang_platform_tools_buildSrc.csv,less than 48 rows
xivo-pbx_xivo-confd.csv,less than 48 rows
xplodwild_android_device_asus_tf300t.csv,less than 48 rows
xyuan_psc.csv,less than 48 rows
yahoo_mojito.csv,less than 48 rows
yale-mgt-656_mgt656-spring-2015-project.csv,less than 48 rows
yanpf_OpendTect.csv,less than 48 rows
yaph_nodejs-example.csv,less than 48 rows
yishn_Sabaki.csv,less than 48 rows
ysangkok_scribunto.csv,less than 48 rows
zchee_gowiki.csv,less than 48 rows
zedxxx_test.csv,less than 48 rows
zeit_docs.csv,less than 48 rows
zeit_hyper.csv,less than 48 rows
zeit_next.js.csv,less than 48 rows
zhaobocheng_myGitCobot.csv,pre-1970 dates
zhu-qin_web-ui.csv,less than 48 rows
zonqq_testRepository.csv,less than 48 rows
zoovy_AnyCommerce-Development.csv,less than 48 rows
zstackorg_zstack.csv,less than 48 rows
